idr,re,co,cc,lo,me
3015,DE ARICA Y PARINACOTA,ARICA,ARICA,ESCUELA E-1 REPUBLICA DE ARGENTINA,196M-197M
3015,DE ARICA Y PARINACOTA,ARICA,ARICA,ESCUELA E-1 REPUBLICA DE ARGENTINA,215M-216M
3015,DE ARICA Y PARINACOTA,ARICA,ARICA,ESCUELA D-4 REPUBLICA DE ISRAEL,91V-92V
3015,DE ARICA Y PARINACOTA,ARICA,ARICA,ESCUELA D-4 REPUBLICA DE ISRAEL,110V-111V
3015,DE ARICA Y PARINACOTA,ARICA,ARICA,COLEGIO SAUCACHE,228V-259V
3015,DE ARICA Y PARINACOTA,ARICA,ARICA NORTE,COLEGIO D-91 CENTENARIO,22
3015,DE ARICA Y PARINACOTA,ARICA,SAN MIGUEL DE AZAPA,LICEO AGRICOLA JOSE ABELARDO NUÑEZ ,2M
3015,DE ARICA Y PARINACOTA,ARICA,SECTOR EX BARRIO INDUSTRIAL DE ARICA,ESCUELA D-18 HUMBERTO VALENZUELA GARCIA,10
3015,DE ARICA Y PARINACOTA,ARICA,SECTOR EX BARRIO INDUSTRIAL DE ARICA,COLEGIO SAN MARCOS DE ARICA,111
3015,DE ARICA Y PARINACOTA,PUTRE,BELEN,ESCUELA SAN SANTIAGO DE BELEN,1M-2M-3M
3001,DE TARAPACA,ALTO HOSPICIO,ALTO HOSPICIO,ANEXO DE COLEGIO SAN ANTONIO DE MATILLA,36M
3001,DE TARAPACA,IQUIQUE,IQUIQUE,LICEO LUIS CRUZ MARTINEZ,4M
3001,DE TARAPACA,IQUIQUE,IQUIQUE,COLEGIO DIOCESANO OBISPO LABBE,114M
3001,DE TARAPACA,IQUIQUE,IQUIQUE,LICEO LIBERTADOR GENERAL BERNARDO O´HIGGINS,208M
3001,DE TARAPACA,IQUIQUE,IQUIQUE,LICEO DEPORTIVO ELENA DUVAUCHELLE CABEZON,20V
3001,DE TARAPACA,IQUIQUE,IQUIQUE,ESCUELA GABRIELA MISTRAL,32V
3001,DE TARAPACA,IQUIQUE,IQUIQUE,COLEGIO REPUBLICA DE CROACIA,76V
3001,DE TARAPACA,IQUIQUE,IQUIQUE,COLEGIO ACADEMIA TARAPACA,204V
3001,DE TARAPACA,IQUIQUE,IQUIQUE,LICEO PRESIDENTE ANIBAL PINTO GARMENDIA.,221V
3001,DE TARAPACA,IQUIQUE,IQUIQUE,COLEGIO ADVENTISTA,238V
3001,DE TARAPACA,IQUIQUE,IQUIQUE SUR,ESCUELA PROFESOR MANUEL CASTRO RAMOS,38
3001,DE TARAPACA,IQUIQUE,IQUIQUE SUR,COLEGIO ESPANA,72
3002,DE ANTOFAGASTA,ANTOFAGASTA,ANTOFAGASTA NORTE,ESCUELA ESPAÑA,1M-306
3002,DE ANTOFAGASTA,ANTOFAGASTA,ANTOFAGASTA NORTE,LICEO LA PORTADA,34M
3002,DE ANTOFAGASTA,ANTOFAGASTA,ANTOFAGASTA NORTE,ESCUELA GUSTAVO LE PAIGE WALQUE,51M
3002,DE ANTOFAGASTA,ANTOFAGASTA,ANTOFAGASTA NORTE,ESCUELA GUSTAVO LE PAIGE WALQUE,58M
3002,DE ANTOFAGASTA,ANTOFAGASTA,ANTOFAGASTA NORTE,ESCUELA JOSE PAPIC RADNIC,65M
3002,DE ANTOFAGASTA,ANTOFAGASTA,ANTOFAGASTA NORTE,ESCUELA ECOLOGICA HUMBERTO GONZALEZ ECHEGOYEN,82M
3002,DE ANTOFAGASTA,ANTOFAGASTA,ANTOFAGASTA NORTE,ESCUELA LA BANDERA,56V
3002,DE ANTOFAGASTA,ANTOFAGASTA,ANTOFAGASTA NORTE,ESCUELA GENERAL MANUEL BAQUEDANO,297
3002,DE ANTOFAGASTA,ANTOFAGASTA,ANTOFAGASTA SUR,HRVATSKA SKOLA SAN ESTEBAN,27V
3002,DE ANTOFAGASTA,ANTOFAGASTA,ANTOFAGASTA SUR,LICEO BICENTENARIO ANDRES SABELLA,163V
3003,DE ATACAMA,ALTO DEL CARMEN,EL TRANSITO,EDUCADOR ARTURO ALVEAR RAMOS,4M
3003,DE ATACAMA,ALTO DEL CARMEN,EL TRANSITO,EDUCADOR ARTURO ALVEAR RAMOS,1V
3003,DE ATACAMA,COPIAPO,COPIAPO,ESCUELA DIFERENCIAL MARIA LUZ LANZA PIZARRO,9M
3003,DE ATACAMA,COPIAPO,COPIAPO,ESCUELA DIFERENCIAL MARIA LUZ LANZA PIZARRO,15M
3003,DE ATACAMA,COPIAPO,COPIAPO,ESCUELA SAN VICENTE DE PAUL,30M
3003,DE ATACAMA,COPIAPO,COPIAPO,LICEO SAGRADO CORAZON,46M
3003,DE ATACAMA,COPIAPO,COPIAPO,LICEO CATOLICO ATACAMA,73M
3003,DE ATACAMA,COPIAPO,COPIAPO,COLEGIO ADVENTISTA DE COPIAPO,105V
3003,DE ATACAMA,COPIAPO,COPIAPO,COLEGIO SAN AGUSTIN DE ATACAMA,129V
3003,DE ATACAMA,COPIAPO,COPIAPO,ESCUELA SAN VICENTE DE PAUL,149
3003,DE ATACAMA,COPIAPO,COPIAPO,LICEO TECNICO PROFESIONAL HEROES DE ATACAMA,206
3003,DE ATACAMA,COPIAPO,LOS VOLCANES,CENTRO DE EDUCACION INTEGRADA DE ADULTOS,1
3003,DE ATACAMA,COPIAPO,LOS VOLCANES,CENTRO DE EDUCACION INTEGRADA DE ADULTOS,13
3003,DE ATACAMA,FREIRINA,FREIRINA,ESCUELA BASICA ALEJANDRO NOEMI HUERTA,2M
3003,DE ATACAMA,TIERRA AMARILLA,TIERRA AMARILLA,ESC. BASICA MARTA EMILIANA AGUILAR ZERON,10V
3003,DE ATACAMA,VALLENAR,VALLENAR,ESCUELA BASICA ESPANA,7M
3003,DE ATACAMA,VALLENAR,VALLENAR,LICEO JOSE SANTOS OSSA,34M
3003,DE ATACAMA,VALLENAR,VALLENAR,ESCUELA BASICA GUALBERTO KONG FERNANDEZ,50M
3003,DE ATACAMA,VALLENAR,VALLENAR,LICEO BICENTENARIO DE VALLENAR,49V
3004,DE COQUIMBO,CANELA,CANELA (CANELA BAJA),ESCUELA BASICA HECTOR JORQUERA VALENCIA ,2V
3004,DE COQUIMBO,COMBARBALA,COMBARBALA,ESCUELA BASICA AMERICA,8M
3004,DE COQUIMBO,COQUIMBO,COQUIMBO,COLEGIO PARTICULAR GABRIELA MISTRAL,71M
3004,DE COQUIMBO,COQUIMBO,COQUIMBO,COLEGIO PARTICULAR GABRIELA MISTRAL,85M
3004,DE COQUIMBO,COQUIMBO,COQUIMBO,COLEGIO PARTICULAR GABRIELA MISTRAL,86M
3004,DE COQUIMBO,COQUIMBO,COQUIMBO,INSTITUTO SUPERIOR DE COMERCIO DE COQUIMBO,18V
3004,DE COQUIMBO,COQUIMBO,COQUIMBO,COLEGIO DE ARTES CLAUDIO ARRAU,90V
3004,DE COQUIMBO,COQUIMBO,COQUIMBO,COLEGIO DE ARTES CLAUDIO ARRAU,94V
3004,DE COQUIMBO,COQUIMBO,COQUIMBO,ESCUELA CARDENAL JOSE MARIA CARO,117V
3004,DE COQUIMBO,COQUIMBO,COQUIMBO,ESCUELA BASICA MARIO MUNOZ SILVA,164
3004,DE COQUIMBO,ILLAPEL,ILLAPEL,LICEO DOMINGO ORTIZ DE ROZAS,9M
3004,DE COQUIMBO,ILLAPEL,ILLAPEL,COLEGIO SANTA TERESA,36M
3004,DE COQUIMBO,ILLAPEL,ILLAPEL,ESCUELA BASICA VALLE DEL CHOAPA,17V
3004,DE COQUIMBO,LA HIGUERA,LA HIGUERA,ESCUELA BASICA PEDRO PABLO MUNOZ,1V
3004,DE COQUIMBO,LA SERENA,LA SERENA,COLEGIO JAPON,3M
3004,DE COQUIMBO,LA SERENA,LA SERENA,COLEGIO JAPON,14M
3004,DE COQUIMBO,LA SERENA,LA SERENA,COLEGIO GABRIEL GONZALEZ VIDELA,26M
3004,DE COQUIMBO,LA SERENA,LA SERENA,COLEGIO GABRIEL GONZALEZ VIDELA,42M
3004,DE COQUIMBO,LA SERENA,LA SERENA,LICEO TECNICO MARTA BRUNET,82M
3004,DE COQUIMBO,LA SERENA,LA SERENA,ESTADIO LA PORTADA,133M
3004,DE COQUIMBO,LA SERENA,LA SERENA,COLEGIO VICTOR DOMINGO SILVA,16V
3004,DE COQUIMBO,LA SERENA,LA SERENA,LICEO GREGORIO CORDOVEZ,31V
3004,DE COQUIMBO,LA SERENA,LA SERENA,LICEO GABRIELA MISTRAL DE LA SERENA,95V
3004,DE COQUIMBO,LA SERENA,LA SERENA,ESCUELA GERMAN RIESCO,127V
3004,DE COQUIMBO,LA SERENA,LA SERENA,ESCUELA GERMAN RIESCO,128V
3004,DE COQUIMBO,LA SERENA,LA SERENA,COLEGIO JAVIERA CARRERA,181
3004,DE COQUIMBO,LA SERENA,LA SERENA,COLEGIO JAVIERA CARRERA,197
3004,DE COQUIMBO,LA SERENA,LA SERENA,COLEGIO JOSE MIGUEL CARRERA,209
3004,DE COQUIMBO,LA SERENA,LA SERENA,COLEGIO JOSE MIGUEL CARRERA,221
3004,DE COQUIMBO,LA SERENA,LAS COMPAÑIAS,ESCUELA ALONSO DE ERCILLA,5M
3004,DE COQUIMBO,LA SERENA,LAS COMPAÑIAS,COLEGIO ARTURO PRAT CHACON,84
3004,DE COQUIMBO,LA SERENA,LAS COMPAÑIAS,LICEO TECNICO FEMENINO LAS COMPANIAS,108
3004,DE COQUIMBO,LOS VILOS,LOS VILOS,COLEGIO DIEGO DE ALMAGRO,7M
3004,DE COQUIMBO,LOS VILOS,LOS VILOS,LICEO NICOLAS FEDERICO LOHSE VARGAS,9V
3004,DE COQUIMBO,LOS VILOS,QUILIMARI,ESCUELA BASICA TERESA CANNON DE BARRIOLHET.,2M
3004,DE COQUIMBO,MONTE PATRIA,CAREN,COLEGIO RIO GRANDE,1V
3004,DE COQUIMBO,MONTE PATRIA,CAREN,COLEGIO RIO GRANDE,4V
3004,DE COQUIMBO,MONTE PATRIA,CHAÑARAL ALTO,ESCUELA ALEJANDRO CHELEN ROJAS,2M
3004,DE COQUIMBO,MONTE PATRIA,EL PALQUI,ESCUELA EL PALQUI,6
3004,DE COQUIMBO,MONTE PATRIA,MONTE PATRIA,COLEGIO REPUBLICA DE CHILE,10V
3004,DE COQUIMBO,MONTE PATRIA,MONTE PATRIA,LICEO PRESIDENTE EDUARDO FREI MONTALVA,25
3004,DE COQUIMBO,MONTE PATRIA,RAPEL,ESCUELA BASICA WENCESLAO VARGAS,1V
3004,DE COQUIMBO,OVALLE,CERRILLOS DE TAMAYA,ESCUELA ARTURO VILLALON SIEULANNE,4M
3004,DE COQUIMBO,OVALLE,OVALLE,COLEGIO FRAY JORGE,4M
3004,DE COQUIMBO,OVALLE,OVALLE,COLEGIO FRAY JORGE,8M
3004,DE COQUIMBO,OVALLE,OVALLE,COLEGIO FRAY JORGE,11M
3004,DE COQUIMBO,OVALLE,OVALLE,COLEGIO FRAY JORGE,20M
3004,DE COQUIMBO,OVALLE,OVALLE,LICEO ESTELA AVILA DE PERRY,29M
3004,DE COQUIMBO,OVALLE,OVALLE,LICEO ESTELA AVILA DE PERRY,34M
3004,DE COQUIMBO,OVALLE,OVALLE,LICEO ALEJANDRO ALVAREZ JOFRE,59M
3004,DE COQUIMBO,OVALLE,OVALLE,ESCUELA DE ARTES Y MUSICA,74M
3004,DE COQUIMBO,OVALLE,OVALLE,ESCUELA DE ARTES Y MUSICA,80M
3004,DE COQUIMBO,OVALLE,OVALLE,ESCUELA DE ARTES Y MUSICA,92M
3004,DE COQUIMBO,OVALLE,OVALLE,ESCUELA DE ARTES Y MUSICA,1V
3004,DE COQUIMBO,OVALLE,OVALLE,LICEO POLITECNICO DE OVALLE,33V
3004,DE COQUIMBO,OVALLE,OVALLE,ESTADIO DIAGUITA,141
3004,DE COQUIMBO,OVALLE,OVALLE,ESTADIO DIAGUITA,142
3004,DE COQUIMBO,PAIHUANO,PAIHUANO,LICEO MISTRALIANO,2M
3004,DE COQUIMBO,PUNITAQUI,PUNITAQUI,ESCUELA BELGICA,8M
3004,DE COQUIMBO,SALAMANCA,SALAMANCA,ESCUELA MATILDE SALAMANCA,3M
3004,DE COQUIMBO,SALAMANCA,SALAMANCA,COLEGIO PART. SUB. CUMBRES DEL CHOAPA,18V
3004,DE COQUIMBO,SALAMANCA,SALAMANCA,COLEGIO PART. SUB. CUMBRES DEL CHOAPA,31
3004,DE COQUIMBO,SALAMANCA,SALAMANCA,COLEGIO PART. SUB. CUMBRES DEL CHOAPA,34
3004,DE COQUIMBO,SALAMANCA,SALAMANCA,COLEGIO PART. SUB. CUMBRES DEL CHOAPA,35
3005,DE VALPARAISO,CONCON,CONCON,COLEGIO ALBORADA DEL MAR,70
3005,DE VALPARAISO,CONCON,CONCON,COLEGIO ALBORADA DEL MAR,71
3005,DE VALPARAISO,OLMUE,OLMUE,ESCUELA ATENAS,7V
3005,DE VALPARAISO,OLMUE,OLMUE,COLEGIO  IGNACIO CARRERA PINTO,27
3005,DE VALPARAISO,QUILPUE,QUILPUE,COLEGIO FUNDADORES DE QUILPUE,15V
3005,DE VALPARAISO,SAN ANTONIO,SAN ANTONIO,LICEO GABRIELA MISTRAL,61M
3005,DE VALPARAISO,SAN ANTONIO,SAN ANTONIO,LICEO GABRIELA MISTRAL,62M
3005,DE VALPARAISO,SAN ANTONIO,SAN ANTONIO,LICEO JUAN DANTE PARRAGUEZ ARELLANO,64M
3005,DE VALPARAISO,SAN ANTONIO,SAN ANTONIO,LICEO NACIONAL DE LLO LLEO,93M
3005,DE VALPARAISO,VALPARAISO,BARON,LICEO COEDUCACIONAL LA IGUALDAD,33M
3005,DE VALPARAISO,VALPARAISO,BARON,ESCUELA A-19 HERNAN OLGUIN,63M
3005,DE VALPARAISO,VALPARAISO,EL PUERTO,ESCUELA GRECIA (D-251),75M
3005,DE VALPARAISO,VALPARAISO,EL PUERTO,LICEO TECNICO DE VALPARAISO,104M
3005,DE VALPARAISO,VALPARAISO,EL PUERTO,LICEO TECNICO DE VALPARAISO,116M
3005,DE VALPARAISO,VALPARAISO,EL PUERTO,COLEGIO SEMINARIO SAN RAFAEL,153M
3005,DE VALPARAISO,VALPARAISO,PLAYA ANCHA,INSTITUTO TECNICO PROFESIONAL MARITIMO DE VALPARAISO ,32V
3005,DE VALPARAISO,VIÑA DEL MAR,SAUSALITO,ESCUELA BASICA HUMBERTO VILCHES ALZAMORA,63M
3005,DE VALPARAISO,VIÑA DEL MAR,SAUSALITO,COLEGIO MARIA AUXILIADORA,163
3013,METROPOLITANA DE SANTIAGO,ALHUE,ALHUE,LICEO MUNICIPAL SARA TRONCOSO TRONCOSO,6M
3013,METROPOLITANA DE SANTIAGO,BUIN,ALTO JAHUEL,LICEO ALTO JAHUEL LOCAL: 1,5
3013,METROPOLITANA DE SANTIAGO,BUIN,BUIN,LICEO POLIVALENTE MODERNO CARDENAL CARO MEDIA LOCAL: 1,54V
3013,METROPOLITANA DE SANTIAGO,BUIN,VALDIVIA DE PAINE,ESCUELA VALDIVIA DE PAINE,10
3013,METROPOLITANA DE SANTIAGO,CALERA DE TANGO,CALERA DE TANGO,LICEO MUNICIPAL POETISA GABRIELA MISTRAL ENSEÑANZA BASICA LOCAL: 2,20V
3013,METROPOLITANA DE SANTIAGO,CERRILLOS,CERRILLOS,ESCUELA BASICA CAMPOS DE MAIPU - CERRILLOS,84M
3013,METROPOLITANA DE SANTIAGO,CERRILLOS,CERRILLOS,ESCUELA BASICA CAMPOS DE MAIPU - CERRILLOS,88M
3013,METROPOLITANA DE SANTIAGO,CERRILLOS,CERRILLOS,ESCUELA LOTHAR KOMMER BRUGER,14V
3013,METROPOLITANA DE SANTIAGO,CERRILLOS,CERRILLOS,COLEGIO SAN JOSE DE CERRILLOS,104V
3013,METROPOLITANA DE SANTIAGO,CERRO NAVIA,CERRO NAVIA,ESCUELA CIUDAD SANTO DOMINGO DE GUZMAN,11V
3013,METROPOLITANA DE SANTIAGO,CERRO NAVIA,CERRO NAVIA,ESCUELA CIUDAD SANTO DOMINGO DE GUZMAN,14V
3013,METROPOLITANA DE SANTIAGO,CERRO NAVIA,CERRO NAVIA,ESCUELA PROFESOR MANUEL GUERRERO CEBALLOS,79V
3013,METROPOLITANA DE SANTIAGO,COLINA,CHICUREO,ESCUELA BASICA ALGARROBAL,2V
3013,METROPOLITANA DE SANTIAGO,COLINA,COLINA,ESCUELA BASICA MARCOS GOYCOOLEA CORTES,4M
3013,METROPOLITANA DE SANTIAGO,COLINA,COLINA,COLEGIO MUNICIPAL INSTITUTO CHACABUCO LOCAL: 2,50M
3013,METROPOLITANA DE SANTIAGO,COLINA,COLINA,LICEO POLIVALENTE RIGOBERTO FONTT ,10V
3013,METROPOLITANA DE SANTIAGO,COLINA,COLINA,ESCUELA PREMIO NOBEL PABLO NERUDA,24V
3013,METROPOLITANA DE SANTIAGO,COLINA,COLINA,ESCUELA PREMIO NOBEL PABLO NERUDA,37V
3013,METROPOLITANA DE SANTIAGO,COLINA,COLINA,LICEO BICENTENARIO PROVINCIAL SANTA TERESA DE LOS ANDES,110
3013,METROPOLITANA DE SANTIAGO,COLINA,COLINA,LICEO BICENTENARIO PROVINCIAL SANTA TERESA DE LOS ANDES,116
3013,METROPOLITANA DE SANTIAGO,COLINA,COLINA,ESCUELA DE LENGUAJE CAMINA ALTO,125
3013,METROPOLITANA DE SANTIAGO,COLINA,COLINA,ESCUELA DE LENGUAJE CAMINA ALTO,128
3013,METROPOLITANA DE SANTIAGO,CONCHALI,EL CORTIJO,ESCUELA ATENEA,44M
3013,METROPOLITANA DE SANTIAGO,CONCHALI,EL CORTIJO,CENTRO EDUCACIONAL POETA EUSEBIO LILLO,85M
3013,METROPOLITANA DE SANTIAGO,CONCHALI,EL CORTIJO,CENTRO EDUCACIONAL POETA EUSEBIO LILLO,86M
3013,METROPOLITANA DE SANTIAGO,CONCHALI,EL CORTIJO,ESCUELA PEDRO AGUIRRE CERDA,43V
3013,METROPOLITANA DE SANTIAGO,CONCHALI,EL CORTIJO,LICEO MUNICIPAL ALMIRANTE GALVARINO RIVEROS ,54V
3013,METROPOLITANA DE SANTIAGO,CONCHALI,EL CORTIJO,LICEO MUNICIPAL ALMIRANTE GALVARINO RIVEROS ,66V
3013,METROPOLITANA DE SANTIAGO,CONCHALI,EL CORTIJO,LICEO MUNICIPAL ALMIRANTE GALVARINO RIVEROS ,68V
3013,METROPOLITANA DE SANTIAGO,CONCHALI,LO NEGRETE,ESCUELA UNESCO,10M
3013,METROPOLITANA DE SANTIAGO,CONCHALI,LO NEGRETE,ESCUELA UNESCO,16M
3013,METROPOLITANA DE SANTIAGO,CONCHALI,LO NEGRETE,ESCUELA VALLE DEL INCA,51M
3013,METROPOLITANA DE SANTIAGO,CONCHALI,LO NEGRETE,ESCUELA AVIADOR DAGOBERTO GODOY F.,61M
3013,METROPOLITANA DE SANTIAGO,CONCHALI,LO NEGRETE,ESCUELA AVIADOR DAGOBERTO GODOY F.,63M
3013,METROPOLITANA DE SANTIAGO,CONCHALI,LO NEGRETE,ESCUELA ARAUCARIAS DE CHILE,79M
3013,METROPOLITANA DE SANTIAGO,CONCHALI,LO NEGRETE,COLEGIO LIBERTADOR SAN MARTIN,88M
3013,METROPOLITANA DE SANTIAGO,CONCHALI,LO NEGRETE,LICEO POLIVALENTE ABDON CIFUENTES,4V
3013,METROPOLITANA DE SANTIAGO,CONCHALI,LO NEGRETE,ESCUELA DOCTORA ELOISA DIAZ INSUNZA LOCAL: 1 ,22V
3013,METROPOLITANA DE SANTIAGO,CONCHALI,LO NEGRETE,ESCUELA DOCTORA ELOISA DIAZ INSUNZA LOCAL: 1 ,29V
3013,METROPOLITANA DE SANTIAGO,CONCHALI,LO NEGRETE,ESCUELA DOCTORA ELOISA DIAZ INSUNZA LOCAL: 2,50V
3013,METROPOLITANA DE SANTIAGO,CONCHALI,LO NEGRETE,ESCUELA HORACIO JOHNSON GANA,70V
3013,METROPOLITANA DE SANTIAGO,CONCHALI,LO NEGRETE,ESCUELA PARTICULAR EL CARMEN,82V
3013,METROPOLITANA DE SANTIAGO,CURACAVI,CURACAVI,ESCUELA BASICA VALLE DE PUANGUE,5M
3013,METROPOLITANA DE SANTIAGO,CURACAVI,CURACAVI,ESCUELA SAN JOSE OBRERO DE CURACAVI,32
3013,METROPOLITANA DE SANTIAGO,EL BOSQUE,CAPITAN AVALOS,LICEO CHRISTA MC AULIFFE LOCAL: 2,20M
3013,METROPOLITANA DE SANTIAGO,EL BOSQUE,CAPITAN AVALOS,LICEO JUAN GOMEZ MILLAS LOCAL: 1,13V
3013,METROPOLITANA DE SANTIAGO,EL BOSQUE,CAPITAN AVALOS,ESCUELA BASICA NUESTRA SEÑORA MARIA INMACULADA ,52V
3013,METROPOLITANA DE SANTIAGO,EL BOSQUE,CAPITAN AVALOS,ESCUELA BASICA NUESTRA SEÑORA MARIA INMACULADA ,57V
3013,METROPOLITANA DE SANTIAGO,EL BOSQUE,LUIS CRUZ MARTINEZ,COLEGIO BATALLA DE LA CONCEPCION,3M
3013,METROPOLITANA DE SANTIAGO,EL BOSQUE,LUIS CRUZ MARTINEZ,COLEGIO BATALLA DE LA CONCEPCION,22M
3013,METROPOLITANA DE SANTIAGO,EL BOSQUE,LUIS CRUZ MARTINEZ,ESCUELA CIUDAD DE LYON,60M
3013,METROPOLITANA DE SANTIAGO,EL BOSQUE,LUIS CRUZ MARTINEZ,ESCUELA NEMESIO ANTUNEZ LOCAL: 1,78M
3013,METROPOLITANA DE SANTIAGO,EL BOSQUE,LUIS CRUZ MARTINEZ,ESCUELA NEMESIO ANTUNEZ LOCAL: 2,99M
3013,METROPOLITANA DE SANTIAGO,EL BOSQUE,LUIS CRUZ MARTINEZ,ESCUELA MARCIAL MARTINEZ FERRARI,112M
3013,METROPOLITANA DE SANTIAGO,EL BOSQUE,LUIS CRUZ MARTINEZ,ESCUELA MARCIAL MARTINEZ FERRARI,131M
3013,METROPOLITANA DE SANTIAGO,EL BOSQUE,LUIS CRUZ MARTINEZ,COMPLEJO EDUCACIONAL PARTICULAR DE LAS ACACIAS LOCAL: 1,12V
3013,METROPOLITANA DE SANTIAGO,EL BOSQUE,LUIS CRUZ MARTINEZ,ESCUELA GENERAL ALBERTO A. BACHELET MARTINEZ,134
3013,METROPOLITANA DE SANTIAGO,EL BOSQUE,LUIS CRUZ MARTINEZ,ESCUELA GENERAL ALBERTO A. BACHELET MARTINEZ,145
3013,METROPOLITANA DE SANTIAGO,EL MONTE,EL MONTE,ESCUELA REPUBLICA DEL ECUADOR LOCAL: 1,5V
3013,METROPOLITANA DE SANTIAGO,EL MONTE,EL MONTE,ESCUELA REPUBLICA DE HONDURAS ,45
3013,METROPOLITANA DE SANTIAGO,ESTACION CENTRAL,ALAMEDA,ESCUELA BASICA PACTO ANDINO LOCAL: 2,61M
3013,METROPOLITANA DE SANTIAGO,ESTACION CENTRAL,ALAMEDA,ESCUELA BASICA PACTO ANDINO LOCAL: 2,71M
3013,METROPOLITANA DE SANTIAGO,ESTACION CENTRAL,ALAMEDA,ESCUELA BASICA PACTO ANDINO LOCAL: 2,73M
3013,METROPOLITANA DE SANTIAGO,ESTACION CENTRAL,ALAMEDA,ESCUELA BASICA PACTO ANDINO LOCAL: 2,80M
3013,METROPOLITANA DE SANTIAGO,ESTACION CENTRAL,LAS AMERICAS,ESCUELA BASICA CAROLINA VERGARA AYARES D-276 LOCAL: 1,5M
3013,METROPOLITANA DE SANTIAGO,ESTACION CENTRAL,LAS AMERICAS,ESCUELA BASICA CAROLINA VERGARA AYARES D-276 LOCAL: 1,16M
3013,METROPOLITANA DE SANTIAGO,ESTACION CENTRAL,LAS AMERICAS,ESCUELA BASICA ESTADO DE PALESTINA LOCAL: 1,46M
3013,METROPOLITANA DE SANTIAGO,ESTACION CENTRAL,LAS AMERICAS,ESCUELA BASICA UNION LATINOAMERICANA,26V
3013,METROPOLITANA DE SANTIAGO,ESTACION CENTRAL,LAS AMERICAS,ESCUELA BASICA UNION LATINOAMERICANA,36V
3013,METROPOLITANA DE SANTIAGO,HUECHURABA,HUECHURABA,ESCUELA SANTA VICTORIA DE HUECHURABA,57M
3013,METROPOLITANA DE SANTIAGO,HUECHURABA,HUECHURABA,CENTRO EDUCACIONAL DE HUECHURABA LOCAL: 1,1V
3013,METROPOLITANA DE SANTIAGO,HUECHURABA,HUECHURABA,CENTRO EDUCACIONAL DE HUECHURABA LOCAL: 2,26V
3013,METROPOLITANA DE SANTIAGO,HUECHURABA,LOS LIBERTADORES,COLEGIO SAN FRANCISCO JAVIER DE HUECHURABA,45
3013,METROPOLITANA DE SANTIAGO,INDEPENDENCIA,INDEPENDENCIA,LICEO POLIVALENTE A-80 PRESIDENTE JOSE MANUEL BALMACEDA LOCAL: 2,38M
3013,METROPOLITANA DE SANTIAGO,INDEPENDENCIA,INDEPENDENCIA,LICEO POLIVALENTE A-80 PRESIDENTE JOSE MANUEL BALMACEDA LOCAL: 2,48M
3013,METROPOLITANA DE SANTIAGO,INDEPENDENCIA,INDEPENDENCIA,LICEO GABRIELA MISTRAL LOCAL: 2,72M
3013,METROPOLITANA DE SANTIAGO,INDEPENDENCIA,INDEPENDENCIA,LICEO MIGUEL RAFAEL PRADO LOCAL: 1,100M
3013,METROPOLITANA DE SANTIAGO,INDEPENDENCIA,INDEPENDENCIA,LICEO MIGUEL RAFAEL PRADO LOCAL: 2,114M
3013,METROPOLITANA DE SANTIAGO,INDEPENDENCIA,INDEPENDENCIA,LICEO MIGUEL RAFAEL PRADO LOCAL: 2,127
3013,METROPOLITANA DE SANTIAGO,ISLA DE MAIPO,ISLA DE MAIPO,CENTRO EDUCACIONAL ISLA DE MAIPO,44
3013,METROPOLITANA DE SANTIAGO,LA CISTERNA,LA CISTERNA,CENTRO DE EMPRENDIMIENTO,18M
3013,METROPOLITANA DE SANTIAGO,LA CISTERNA,LA CISTERNA,ESCUELA ESPERANZA JOVEN LOCAL: 1,96M
3013,METROPOLITANA DE SANTIAGO,LA CISTERNA,LA CISTERNA,ESCUELA ESPERANZA JOVEN LOCAL: 1,99M
3013,METROPOLITANA DE SANTIAGO,LA CISTERNA,LA CISTERNA,COLEGIO PALESTINO,34V
3013,METROPOLITANA DE SANTIAGO,LA CISTERNA,LA CISTERNA,ESCUELA BASICA OSCAR ENCALADA YOVANOVICH,51V
3013,METROPOLITANA DE SANTIAGO,LA CISTERNA,LA CISTERNA,LICEO POLIVALENTE OLOF PALME,101V
3013,METROPOLITANA DE SANTIAGO,LA FLORIDA,BELLAVISTA,COLEGIO PARTICULAR ALCANTARA DE LA CORDILLERA LOCAL: 2,37M
3013,METROPOLITANA DE SANTIAGO,LA FLORIDA,BELLAVISTA,LICEO BICENTENARIO DE EXCELENCIA BENJAMIN VICUÑA MACKENNA LOCAL: 2,81V
3013,METROPOLITANA DE SANTIAGO,LA FLORIDA,BELLAVISTA,LICEO BICENTENARIO DE EXCELENCIA BENJAMIN VICUÑA MACKENNA LOCAL: 2,82V
3013,METROPOLITANA DE SANTIAGO,LA FLORIDA,BELLAVISTA,LICEO BICENTENARIO DE EXCELENCIA BENJAMIN VICUÑA MACKENNA LOCAL: 3,98V
3013,METROPOLITANA DE SANTIAGO,LA FLORIDA,BELLAVISTA,ESCUELA PARTICULAR ROSARIO CONCHA,107V
3013,METROPOLITANA DE SANTIAGO,LA FLORIDA,BELLAVISTA,GIMNASIO MUNICIPAL LOCAL: 1,188
3013,METROPOLITANA DE SANTIAGO,LA FLORIDA,BELLAVISTA,ESCUELA SANTA IRENE,237
3013,METROPOLITANA DE SANTIAGO,LA FLORIDA,BELLAVISTA,COLEGIO PARTICULAR PATRONA SEÑORA DE LOURDES,266
3013,METROPOLITANA DE SANTIAGO,LA FLORIDA,SAN JOSE DE LA ESTRELLA,CENTRO EDUCACIONAL LA FLORIDA,47M
3013,METROPOLITANA DE SANTIAGO,LA FLORIDA,SAN JOSE DE LA ESTRELLA,COLEGIO CAPITAN PASTENE LOCAL: 1,56M
3013,METROPOLITANA DE SANTIAGO,LA FLORIDA,SAN JOSE DE LA ESTRELLA,COLEGIO CAPITAN PASTENE LOCAL: 1,59M
3013,METROPOLITANA DE SANTIAGO,LA FLORIDA,SAN JOSE DE LA ESTRELLA,COLEGIO CAPITAN PASTENE LOCAL: 2,75M
3013,METROPOLITANA DE SANTIAGO,LA FLORIDA,SAN JOSE DE LA ESTRELLA,COLEGIO CAPITAN PASTENE LOCAL: 2,78M
3013,METROPOLITANA DE SANTIAGO,LA FLORIDA,SAN JOSE DE LA ESTRELLA,ESCUELA LAS LILAS LOCAL: 1,13V
3013,METROPOLITANA DE SANTIAGO,LA FLORIDA,SAN JOSE DE LA ESTRELLA,LICEO ALTO CORDILLERA DE LA FLORIDA LOCAL: 1,34V
3013,METROPOLITANA DE SANTIAGO,LA FLORIDA,SAN JOSE DE LA ESTRELLA,LICEO ALTO CORDILLERA DE LA FLORIDA LOCAL: 2,60V
3013,METROPOLITANA DE SANTIAGO,LA FLORIDA,SAN JOSE DE LA ESTRELLA,LICEO ALTO CORDILLERA DE LA FLORIDA LOCAL: 2,73V
3013,METROPOLITANA DE SANTIAGO,LA FLORIDA,SAN JOSE DE LA ESTRELLA,ESCUELA OSCAR CASTRO,86V
3013,METROPOLITANA DE SANTIAGO,LA FLORIDA,SAN JOSE DE LA ESTRELLA,COLEGIO NOVA TERRA,124
3013,METROPOLITANA DE SANTIAGO,LA FLORIDA,TRINIDAD,COLEGIO DIVINA PASTORA LOCAL: 1,6M
3013,METROPOLITANA DE SANTIAGO,LA FLORIDA,TRINIDAD,COLEGIO DIVINA PASTORA LOCAL: 2,34M
3013,METROPOLITANA DE SANTIAGO,LA FLORIDA,TRINIDAD,COLEGIO ALICANTE DE LA FLORIDA,92M
3013,METROPOLITANA DE SANTIAGO,LA FLORIDA,TRINIDAD,ESCUELA SOTERO DEL RIO LOCAL: 1,8V
3013,METROPOLITANA DE SANTIAGO,LA FLORIDA,TRINIDAD,ESCUELA SOTERO DEL RIO LOCAL: 1,13V
3013,METROPOLITANA DE SANTIAGO,LA FLORIDA,TRINIDAD,COLEGIO PARTICULAR NEW LITTLE COLLEGE,36V
3013,METROPOLITANA DE SANTIAGO,LA FLORIDA,TRINIDAD,LICEO POLIVALENTE LOS ALMENDROS LOCAL: 2,74V
3013,METROPOLITANA DE SANTIAGO,LA FLORIDA,TRINIDAD,COLEGIO SAN DAMIAN LOCAL: 2,127
3013,METROPOLITANA DE SANTIAGO,LA FLORIDA,TRINIDAD,COLEGIO LICARAYEN,139
3013,METROPOLITANA DE SANTIAGO,LA GRANJA,LA GRANJA,LICEO DOCTOR ALEJANDRO DEL RIO,25M
3013,METROPOLITANA DE SANTIAGO,LA GRANJA,LA GRANJA,ESCUELA BASICA LA ARAUCANIA,74M
3013,METROPOLITANA DE SANTIAGO,LA GRANJA,LA GRANJA,ESCUELA BASICA LA ARAUCANIA,77M
3013,METROPOLITANA DE SANTIAGO,LA GRANJA,LA GRANJA,LICEO TECNICO PROFESIONAL PATRICIO AYLWIN AZOCAR LOCAL: 2,104M
3013,METROPOLITANA DE SANTIAGO,LA GRANJA,LA GRANJA,COLEGIO CHRISTIAN GARDEN SCHOOL,121M
3013,METROPOLITANA DE SANTIAGO,LA GRANJA,LA GRANJA,COLEGIO CHRISTIAN GARDEN SCHOOL,135M
3013,METROPOLITANA DE SANTIAGO,LA GRANJA,LA GRANJA,ESCUELA BELGICA,8V
3013,METROPOLITANA DE SANTIAGO,LA GRANJA,LA GRANJA,LICEO MUNICIPAL LA GRANJA POETA NERUDA,26V
3013,METROPOLITANA DE SANTIAGO,LA GRANJA,LA GRANJA,LICEO POLIVALENTE FRANCISCO FRIAS VALENZUELA,47V
3013,METROPOLITANA DE SANTIAGO,LA GRANJA,LA GRANJA,COLEGIO MUNICIPAL PROCERES DE CHILE,54V
3013,METROPOLITANA DE SANTIAGO,LA GRANJA,LA GRANJA,LICEO MALAQUIAS CONCHA LOCAL: 1,73V
3013,METROPOLITANA DE SANTIAGO,LA GRANJA,LA GRANJA,ESCUELA BASICA ISLAS DE CHILE,154
3013,METROPOLITANA DE SANTIAGO,LA GRANJA,LA GRANJA,ESCUELA BASICA SANITAS,169
3013,METROPOLITANA DE SANTIAGO,LA PINTANA,LA PINTANA,LICEO VICTOR JARA,40M
3013,METROPOLITANA DE SANTIAGO,LA PINTANA,LA PINTANA,ESCUELA PARTICULAR PRESIDENTE JOSE JOAQUIN PRIETO LOCAL: 1,121M-152
3013,METROPOLITANA DE SANTIAGO,LA PINTANA,LA PINTANA,ESCUELA PARTICULAR PRESIDENTE JOSE JOAQUIN PRIETO LOCAL: 1,128M-173
3013,METROPOLITANA DE SANTIAGO,LA PINTANA,LA PINTANA,ESCUELA PARTICULAR PRESIDENTE JOSE JOAQUIN PRIETO LOCAL: 1,130M
3013,METROPOLITANA DE SANTIAGO,LA PINTANA,LA PINTANA,ESCUELA PARTICULAR PRESIDENTE JOSE JOAQUIN PRIETO LOCAL: 1,131M
3013,METROPOLITANA DE SANTIAGO,LA PINTANA,LA PINTANA,ESCUELA BASICA JUAN DE DIOS ALDEA,3V
3013,METROPOLITANA DE SANTIAGO,LA PINTANA,LA PINTANA,ESCUELA BASICA JUAN DE DIOS ALDEA,9V
3013,METROPOLITANA DE SANTIAGO,LA PINTANA,LA PINTANA,COLEGIO SIMON BOLIVAR,24V
3013,METROPOLITANA DE SANTIAGO,LA PINTANA,LA PINTANA,COLEGIO NERUDA ,64V
3013,METROPOLITANA DE SANTIAGO,LA PINTANA,LA PINTANA,ESCUELA CAPITAN AVALOS LOCAL: 1,72V
3013,METROPOLITANA DE SANTIAGO,LA PINTANA,LA PINTANA,COLEGIO TECNICO PROFESIONAL NOCEDAL,236
3013,METROPOLITANA DE SANTIAGO,LA PINTANA,LA PINTANA,COLEGIO TECNICO PROFESIONAL NOCEDAL,238-247
3013,METROPOLITANA DE SANTIAGO,LA PINTANA,LA PINTANA,ESCUELA PARTICULAR PRESIDENTE JOSE JOAQUIN PRIETO LOCAL: 2,274
3013,METROPOLITANA DE SANTIAGO,LA PINTANA,LA PINTANA,ESCUELA PARTICULAR PRESIDENTE JOSE JOAQUIN PRIETO LOCAL: 2,281
3013,METROPOLITANA DE SANTIAGO,LA PINTANA,LA PINTANA,ESCUELA PARTICULAR PRESIDENTE JOSE JOAQUIN PRIETO LOCAL: 1,293
3013,METROPOLITANA DE SANTIAGO,LA PINTANA,OBSERVATORIO,ESCUELA BASICA PROFESORA AURELIA ROJAS BURGOS,3
3013,METROPOLITANA DE SANTIAGO,LA PINTANA,OBSERVATORIO,ESCUELA BASICA PROFESORA AURELIA ROJAS BURGOS,16
3013,METROPOLITANA DE SANTIAGO,LA PINTANA,OBSERVATORIO,ESCUELA BASICA PROFESORA AURELIA ROJAS BURGOS,23
3013,METROPOLITANA DE SANTIAGO,LA PINTANA,OBSERVATORIO,LICEO MUNICIPAL EL ROBLE,31
3013,METROPOLITANA DE SANTIAGO,LA PINTANA,OBSERVATORIO,LICEO SERGIO SILVA BASCUÑAN,73
3013,METROPOLITANA DE SANTIAGO,LA PINTANA,OBSERVATORIO,LICEO SERGIO SILVA BASCUÑAN,75
3013,METROPOLITANA DE SANTIAGO,LA PINTANA,OBSERVATORIO,COLEGIO SANTO TOMAS,100
3013,METROPOLITANA DE SANTIAGO,LA PINTANA,OBSERVATORIO,COLEGIO SANTO TOMAS,104
3013,METROPOLITANA DE SANTIAGO,LA PINTANA,OBSERVATORIO,COLEGIO TECNICO PROFESIONAL APRENDER,128
3013,METROPOLITANA DE SANTIAGO,LA REINA,LA REINA,COLEGIO DE LA SALLE,1M
3013,METROPOLITANA DE SANTIAGO,LA REINA,LA REINA,COLEGIO TERESIANO ENRIQUE DE OSSO LOCAL: 1,101M
3013,METROPOLITANA DE SANTIAGO,LA REINA,LA REINA,COMPLEJO EDUCACIONAL LA REINA SECCION MEDIA LOCAL: 1,10V
3013,METROPOLITANA DE SANTIAGO,LA REINA,LA REINA,COMPLEJO EDUCACIONAL LA REINA SECCION BASICA,46V
3013,METROPOLITANA DE SANTIAGO,LA REINA,LA REINA,COLEGIO PARTICULAR SAGRADO CORAZON DE JESUS DE LA REINA,115V
3013,METROPOLITANA DE SANTIAGO,LAMPA,BATUCO,LICEO MUNICIPAL DE BATUCO,15
3013,METROPOLITANA DE SANTIAGO,LAMPA,LAMPA,COMPLEJO EDUCACIONAL MANUEL PLAZA REYES LOCAL: 1,9M
3013,METROPOLITANA DE SANTIAGO,LAMPA,LAMPA,NORMA GONZALEZ GUERRA,54
3013,METROPOLITANA DE SANTIAGO,LAMPA,LAMPA,ESCUELA BASICA PARTICULAR JERUSALEN,76
3013,METROPOLITANA DE SANTIAGO,LAS CONDES,APOQUINDO,COLEGIO SEMINARIO PONTIFICIO MENOR LOCAL: 1,17M
3013,METROPOLITANA DE SANTIAGO,LAS CONDES,APOQUINDO,COLEGIO SAN FRANCISCO LOS DOMINICOS,149M
3013,METROPOLITANA DE SANTIAGO,LAS CONDES,APOQUINDO,COLEGIO DIFERENCIAL PAUL HARRIS,156M
3013,METROPOLITANA DE SANTIAGO,LAS CONDES,APOQUINDO,COLEGIO DEL SAGRADO CORAZON APOQUINDO LOCAL: 2,196M
3013,METROPOLITANA DE SANTIAGO,LAS CONDES,APOQUINDO,COLEGIO DEL SAGRADO CORAZON APOQUINDO LOCAL: 2,209M
3013,METROPOLITANA DE SANTIAGO,LAS CONDES,APOQUINDO,LICEO BICENTENARIO SIMON BOLIVAR LOCAL: 2,20V
3013,METROPOLITANA DE SANTIAGO,LAS CONDES,APOQUINDO,LICEO JUAN PABLO II DE LAS CONDES LOCAL: 1,121V
3013,METROPOLITANA DE SANTIAGO,LAS CONDES,APOQUINDO,COLEGIO LEONARDO DA VINCI DE LAS CONDES,167V
3013,METROPOLITANA DE SANTIAGO,LAS CONDES,APOQUINDO,COLEGIO SAN FRANCISCO DEL ALBA LOCAL: 2,256
3013,METROPOLITANA DE SANTIAGO,LAS CONDES,APOQUINDO,COLEGIO SAN FRANCISCO DEL ALBA LOCAL: 2,263
3013,METROPOLITANA DE SANTIAGO,LAS CONDES,APOQUINDO,COLEGIO MUNICIPAL DE LAS CONDES,280
3013,METROPOLITANA DE SANTIAGO,LAS CONDES,APOQUINDO,COLEGIO MUNICIPAL DE LAS CONDES,281
3013,METROPOLITANA DE SANTIAGO,LAS CONDES,APOQUINDO,COLEGIO REDLAND SCHOOL ,291
3013,METROPOLITANA DE SANTIAGO,LAS CONDES,APOQUINDO,COLEGIO REDLAND SCHOOL ,297
3013,METROPOLITANA DE SANTIAGO,LAS CONDES,EL GOLF,COLEGIO ALCAZAR DE LAS CONDES LOCAL: 2,40V
3013,METROPOLITANA DE SANTIAGO,LAS CONDES,EL GOLF,CENTRO DEPORTIVO ROLF NATHAN ,155
3013,METROPOLITANA DE SANTIAGO,LO BARNECHEA,LO BARNECHEA,THE NEWLAND SCHOOL LOCAL: 1,4V
3013,METROPOLITANA DE SANTIAGO,LO ESPEJO,ESTACION LO ESPEJO,LICEO TENIENTE FRANCISCO MERY AGUIRRE,8M
3013,METROPOLITANA DE SANTIAGO,LO ESPEJO,ESTACION LO ESPEJO,ESCUELA BLUE STAR COLLEGE,7V
3013,METROPOLITANA DE SANTIAGO,LO ESPEJO,ESTACION LO ESPEJO,ESCUELA BLUE STAR COLLEGE,12V
3013,METROPOLITANA DE SANTIAGO,LO ESPEJO,ESTACION LO ESPEJO,ESCUELA BASICA REPUBLICA DE LAS FILIPINAS,47V
3013,METROPOLITANA DE SANTIAGO,LO ESPEJO,LO VALLEDOR,ESCUELA ALICIA ARIZTIA DE SILVA,6M
3013,METROPOLITANA DE SANTIAGO,LO ESPEJO,LO VALLEDOR,ESCUELA BASICA ACAPULCO,27M
3013,METROPOLITANA DE SANTIAGO,LO ESPEJO,LO VALLEDOR,ESCUELA BASICA ACAPULCO,37M
3013,METROPOLITANA DE SANTIAGO,LO ESPEJO,LO VALLEDOR,LICEO POLIVALENTE,70M
3013,METROPOLITANA DE SANTIAGO,LO ESPEJO,LO VALLEDOR,CENTRO EDUCACIONAL CARDENAL JOSE MARIA CARO,46V
3013,METROPOLITANA DE SANTIAGO,LO ESPEJO,LO VALLEDOR,CENTRO EDUCACIONAL CARDENAL JOSE MARIA CARO,58V
3013,METROPOLITANA DE SANTIAGO,LO ESPEJO,LO VALLEDOR,CENTRO EDUCACIONAL CARDENAL JOSE MARIA CARO,61V-90
3013,METROPOLITANA DE SANTIAGO,LO PRADO,LO PRADO,COMPLEJO EDUCACIONAL PEDRO PRADO,15M
3013,METROPOLITANA DE SANTIAGO,LO PRADO,LO PRADO,COMPLEJO EDUCACIONAL PEDRO PRADO,18M
3013,METROPOLITANA DE SANTIAGO,LO PRADO,LO PRADO,ESCUELA SOR TERESA DE LOS ANDES,42M
3013,METROPOLITANA DE SANTIAGO,LO PRADO,LO PRADO,ESCUELA SOR TERESA DE LOS ANDES,44M
3013,METROPOLITANA DE SANTIAGO,LO PRADO,LO PRADO,ESCUELA JAIME GOMEZ GARCIA LOCAL: 2,86M
3013,METROPOLITANA DE SANTIAGO,LO PRADO,LO PRADO,LICEO TENIENTE DAGOBERTO GODOY N°3,116M
3013,METROPOLITANA DE SANTIAGO,LO PRADO,LO PRADO,LICEO TENIENTE DAGOBERTO GODOY N°3,117M
3013,METROPOLITANA DE SANTIAGO,LO PRADO,LO PRADO,LICEO TENIENTE DAGOBERTO GODOY N°3,133M
3013,METROPOLITANA DE SANTIAGO,LO PRADO,LO PRADO,COLEGIO MUSTAFA KEMAL ATATURK,106V
3013,METROPOLITANA DE SANTIAGO,LO PRADO,LO PRADO,ESCUELA BAU,138
3013,METROPOLITANA DE SANTIAGO,LO PRADO,LO PRADO,ESCUELA BAU,148
3013,METROPOLITANA DE SANTIAGO,MACUL,JOSE PEDRO ALESSANDRI,LICEO POLIVALENTE MERCEDES MARIN DEL SOLAR LOCAL: 1,2M
3013,METROPOLITANA DE SANTIAGO,MACUL,JOSE PEDRO ALESSANDRI,LICEO POLIVALENTE MERCEDES MARIN DEL SOLAR LOCAL: 1,1V
3013,METROPOLITANA DE SANTIAGO,MACUL,JOSE PEDRO ALESSANDRI,LICEO POLIVALENTE MERCEDES MARIN DEL SOLAR LOCAL: 1,4V
3013,METROPOLITANA DE SANTIAGO,MACUL,JOSE PEDRO ALESSANDRI,LICEO MUNICIPALIZADO MANUEL ROJAS,75
3013,METROPOLITANA DE SANTIAGO,MACUL,MACUL,ESTADIO MONUMENTAL LOCAL: 1,4M
3013,METROPOLITANA DE SANTIAGO,MACUL,MACUL,LICEO VILLA MACUL ACADEMIA LOCAL: 1,58M
3013,METROPOLITANA DE SANTIAGO,MACUL,MACUL,LICEO VILLA MACUL ACADEMIA LOCAL: 2,76M
3013,METROPOLITANA DE SANTIAGO,MACUL,MACUL,LICEO SALESIANO CAMILO ORTUZAR MONTT LOCAL: 1,98M
3013,METROPOLITANA DE SANTIAGO,MACUL,MACUL,LICEO SALESIANO CAMILO ORTUZAR MONTT LOCAL: 1,101M
3013,METROPOLITANA DE SANTIAGO,MACUL,MACUL,ESCUELA JOSE BERNARDO SUAREZ,7V
3013,METROPOLITANA DE SANTIAGO,MACUL,MACUL,COLEGIO SAN MARCOS,82V
3013,METROPOLITANA DE SANTIAGO,MAIPU,LOS PAJARITOS,COLEGIO SANTA MARIA DE MAIPU LOCAL: 1,17M
3013,METROPOLITANA DE SANTIAGO,MAIPU,LOS PAJARITOS,LICEO BICENTENARIO DE NIÑAS DE MAIPU LOCAL: 1,51
3013,METROPOLITANA DE SANTIAGO,MAIPU,LOS PAJARITOS,LICEO BICENTENARIO DE NIÑAS DE MAIPU LOCAL: 2,77
3013,METROPOLITANA DE SANTIAGO,MAIPU,LOS PAJARITOS,ESCUELA BASICA ECHAURREN N°2,171
3013,METROPOLITANA DE SANTIAGO,MAIPU,MAIPU,ESCUELA GENERAL SAN MARTIN,5M
3013,METROPOLITANA DE SANTIAGO,MAIPU,MAIPU,ESCUELA GENERAL SAN MARTIN,19M
3013,METROPOLITANA DE SANTIAGO,MAIPU,MAIPU,ESCUELA BASICA 1737 LOS ALERCES DE MAIPU LOCAL: 1,32M
3013,METROPOLITANA DE SANTIAGO,MAIPU,MAIPU,ESCUELA BASICA 1737 LOS ALERCES DE MAIPU LOCAL: 2,45M
3013,METROPOLITANA DE SANTIAGO,MAIPU,MAIPU,ESCUELA BASICA 1737 LOS ALERCES DE MAIPU LOCAL: 2,48M
3013,METROPOLITANA DE SANTIAGO,MAIPU,MAIPU,COLEGIO DE LA PROVIDENCIA CARMELA LARRAIN DE INFANTE,55M
3013,METROPOLITANA DE SANTIAGO,MAIPU,MAIPU,ESCUELA PRESIDENTE RIESCO ERRAZURIZ LOCAL: 1,82M
3013,METROPOLITANA DE SANTIAGO,MAIPU,MAIPU,ESCUELA PRESIDENTE RIESCO ERRAZURIZ LOCAL: 2,115M
3013,METROPOLITANA DE SANTIAGO,MAIPU,MAIPU,ESCUELA PRESIDENTE RIESCO ERRAZURIZ LOCAL: 2,117M
3013,METROPOLITANA DE SANTIAGO,MAIPU,MAIPU,LICEO INDUSTRIAL DOMINGO MATTE PEREZ,123M
3013,METROPOLITANA DE SANTIAGO,MAIPU,MAIPU,ESCUELA VICENTE REYES PALAZUELOS,148M
3013,METROPOLITANA DE SANTIAGO,MAIPU,MAIPU,ESCUELA VICENTE REYES PALAZUELOS,149M
3013,METROPOLITANA DE SANTIAGO,MAIPU,MAIPU,ESCUELA VICENTE REYES PALAZUELOS,153M
3013,METROPOLITANA DE SANTIAGO,MAIPU,MAIPU,ESCUELA VICENTE REYES PALAZUELOS,156M
3013,METROPOLITANA DE SANTIAGO,MAIPU,MAIPU,ESCUELA VICENTE REYES PALAZUELOS,162M
3013,METROPOLITANA DE SANTIAGO,MAIPU,MAIPU,ESCUELA BASICA 263 RAMON FREIRE,203M
3013,METROPOLITANA DE SANTIAGO,MAIPU,MAIPU,ESCUELA BASICA 263 RAMON FREIRE,204M
3013,METROPOLITANA DE SANTIAGO,MAIPU,MAIPU,COMPLEJO EDUCACIONAL MAIPU,16V
3013,METROPOLITANA DE SANTIAGO,MAIPU,MAIPU,CENTRO DE EDUCACION TECNICO PROFESIONAL CODEDUC LOCAL: 1,45V
3013,METROPOLITANA DE SANTIAGO,MAIPU,MAIPU,POLIDEPORTIVO OLIMPICO,74V
3013,METROPOLITANA DE SANTIAGO,MAIPU,MAIPU,GIMNASIO MUNICIPAL,103V
3013,METROPOLITANA DE SANTIAGO,MAIPU,MAIPU,LICEO JOSE IGNACIO ZENTENO LOCAL: 1,156V
3013,METROPOLITANA DE SANTIAGO,MAIPU,MAIPU,LICEO JOSE IGNACIO ZENTENO LOCAL: 2,170V
3013,METROPOLITANA DE SANTIAGO,MAIPU,MAIPU,ESCUELA TOMAS VARGAS LOCAL: 2,209V
3013,METROPOLITANA DE SANTIAGO,MAIPU,MAIPU,ESCUELA BASICA LOS BOSQUINOS,241V
3013,METROPOLITANA DE SANTIAGO,MAIPU,MAIPU PONIENTE,LICEO NACIONAL DE MAIPU LOCAL: 1,2M
3013,METROPOLITANA DE SANTIAGO,MAIPU,MAIPU PONIENTE,LICEO NACIONAL DE MAIPU LOCAL: 1,7M
3013,METROPOLITANA DE SANTIAGO,MAIPU,MAIPU PONIENTE,LICEO NACIONAL DE MAIPU LOCAL: 3,44M
3013,METROPOLITANA DE SANTIAGO,MAIPU,MAIPU PONIENTE,COLEGIO JACQUES COUSTEAU LOCAL: 1,21V
3013,METROPOLITANA DE SANTIAGO,MAIPU,MAIPU PONIENTE,COLEGIO JACQUES COUSTEAU LOCAL: 2,33V
3013,METROPOLITANA DE SANTIAGO,MAIPU,MAIPU PONIENTE,LICEO TECNOLOGICO BICENTENARIO ENRIQUE KIRBERG BALTIANSKY LOCAL: 2,105
3013,METROPOLITANA DE SANTIAGO,MAIPU,MAIPU PONIENTE,LICEO TECNOLOGICO BICENTENARIO ENRIQUE KIRBERG BALTIANSKY LOCAL: 3,108
3013,METROPOLITANA DE SANTIAGO,MAIPU,MAIPU PONIENTE,COLEGIO SAN JUAN DIEGO DE GUADALUPE,194
3013,METROPOLITANA DE SANTIAGO,MAIPU,MAIPU PONIENTE,COLEGIO POLIVALENTE DIEGO PORTALES DE MAIPU,213
3013,METROPOLITANA DE SANTIAGO,MARIA PINTO,MARIA PINTO,LICEO MUNICIPAL F-860 LOCAL: 2,21
3013,METROPOLITANA DE SANTIAGO,MELIPILLA,MELIPILLA,LICEO POLITECNICO MUNICIPAL MELIPILLA LOCAL: 1,17M
3013,METROPOLITANA DE SANTIAGO,MELIPILLA,MELIPILLA,LICEO POLITECNICO MUNICIPAL MELIPILLA LOCAL: 3,43M
3013,METROPOLITANA DE SANTIAGO,MELIPILLA,MELIPILLA,LICEO POLITECNICO MUNICIPAL MELIPILLA LOCAL: 3,46M
3013,METROPOLITANA DE SANTIAGO,MELIPILLA,MELIPILLA,LICEO POLITECNICO MUNICIPAL MELIPILLA LOCAL: 3,62M
3013,METROPOLITANA DE SANTIAGO,MELIPILLA,MELIPILLA,LICEO POLITECNICO MUNICIPAL MELIPILLA LOCAL: 4,67M
3013,METROPOLITANA DE SANTIAGO,MELIPILLA,MELIPILLA,COLEGIO PARTICULAR MELIPILLA,96M
3013,METROPOLITANA DE SANTIAGO,MELIPILLA,MELIPILLA,LICEO POLIVALENTE HERMANOS SOTOMAYOR BAEZA LOCAL: 1,5V
3013,METROPOLITANA DE SANTIAGO,MELIPILLA,MELIPILLA,LICEO POLIVALENTE HERMANOS SOTOMAYOR BAEZA LOCAL: 1,24V
3013,METROPOLITANA DE SANTIAGO,MELIPILLA,MELIPILLA,LICEO POLIVALENTE HERMANOS SOTOMAYOR BAEZA LOCAL: 2,43V
3013,METROPOLITANA DE SANTIAGO,MELIPILLA,MELIPILLA,COLEGIO POLITECNICO NUESTRA SEÑORA DE LA PRESENTACION LOCAL: 2,73V
3013,METROPOLITANA DE SANTIAGO,MELIPILLA,MELIPILLA,COLEGIO POLITECNICO NUESTRA SEÑORA DE LA PRESENTACION LOCAL: 2,90V
3013,METROPOLITANA DE SANTIAGO,MELIPILLA,MELIPILLA,COLEGIO POLIVALENTE SAN AGUSTIN LOCAL: 1,93V
3013,METROPOLITANA DE SANTIAGO,MELIPILLA,MELIPILLA,COLEGIO POLIVALENTE SAN AGUSTIN LOCAL: 1,107
3013,METROPOLITANA DE SANTIAGO,MELIPILLA,MELIPILLA,COLEGIO POLIVALENTE SAN AGUSTIN LOCAL: 2,125
3013,METROPOLITANA DE SANTIAGO,MELIPILLA,MELIPILLA,LICEO GABRIELA MISTRAL DE MELIPILLA,154
3013,METROPOLITANA DE SANTIAGO,ÑUÑOA,ESTADIO NACIONAL,LICEO CARMELA SILVA DONOSO LOCAL: 4,56M
3013,METROPOLITANA DE SANTIAGO,ÑUÑOA,ESTADIO NACIONAL,LICEO JOSE TORIBIO MEDINA,71V
3013,METROPOLITANA DE SANTIAGO,ÑUÑOA,PLAZA EGAÑA,ESCUELA BENJAMIN CLARO VELASCO,61M
3013,METROPOLITANA DE SANTIAGO,ÑUÑOA,PLAZA EGAÑA,ESCUELA REPUBLICA DE SIRIA,9V
3013,METROPOLITANA DE SANTIAGO,ÑUÑOA,PLAZA EGAÑA,COLEGIO SANTA MARTA,60V
3013,METROPOLITANA DE SANTIAGO,ÑUÑOA,PLAZA EGAÑA,ESCUELA DIFERENCIAL MUNICIPAL AMAPOLAS,73V
3013,METROPOLITANA DE SANTIAGO,ÑUÑOA,PLAZA ÑUÑOA,ESCUELA BASICA JOSE TORIBIO MEDINA ,7M
3013,METROPOLITANA DE SANTIAGO,ÑUÑOA,PLAZA ÑUÑOA,ESCUELA BASICA JOSE TORIBIO MEDINA ,20M
3013,METROPOLITANA DE SANTIAGO,ÑUÑOA,PLAZA ÑUÑOA,LICEO EXPERIMENTAL MANUEL DE SALAS LOCAL: 2,80M
3013,METROPOLITANA DE SANTIAGO,ÑUÑOA,PLAZA ÑUÑOA,LICEO EXPERIMENTAL MANUEL DE SALAS LOCAL: 2,84M
3013,METROPOLITANA DE SANTIAGO,ÑUÑOA,PLAZA ÑUÑOA,LICEO REPUBLICA DE SIRIA,62V
3013,METROPOLITANA DE SANTIAGO,PADRE HURTADO,PADRE HURTADO,COLEGIO SAN CRISTOBAL APOSTOL,2M
3013,METROPOLITANA DE SANTIAGO,PADRE HURTADO,PADRE HURTADO,ESCUELA BASICA SANTA ROSA DE CHENA,16M
3013,METROPOLITANA DE SANTIAGO,PADRE HURTADO,PADRE HURTADO,COLEGIO ALBERTO HURTADO CRUCHAGA,27M
3013,METROPOLITANA DE SANTIAGO,PADRE HURTADO,PADRE HURTADO,LICEO BICENTENARIO DE EXCELENCIA PAUL HARRIS LOCAL: 2,18V
3013,METROPOLITANA DE SANTIAGO,PADRE HURTADO,PADRE HURTADO,LICEO BICENTENARIO DE EXCELENCIA PATRICIO MEKIS DE PADRE HURTADO,64
3013,METROPOLITANA DE SANTIAGO,PADRE HURTADO,PADRE HURTADO,COLEGIO ALBERTO HURTADO CRUCHAGA BASICA,82
3013,METROPOLITANA DE SANTIAGO,PAINE,CHAMPA,LICEO POLIVALENTE GREGORIO MORALES MIRANDA,11M
3013,METROPOLITANA DE SANTIAGO,PAINE,HUELQUEN,LICEO MARIA CARVAJAL FUENZALIDA,6
3013,METROPOLITANA DE SANTIAGO,PAINE,PAINE,CENTRO EDUCACIONAL ENRIQUE BERNSTEIN CARABANTE LOCAL: 1,6M
3013,METROPOLITANA DE SANTIAGO,PAINE,PAINE,CENTRO EDUCACIONAL ENRIQUE BERNSTEIN CARABANTE LOCAL: 1,17M
3013,METROPOLITANA DE SANTIAGO,PAINE,PAINE,CENTRO EDUCACIONAL ENRIQUE BERNSTEIN CARABANTE LOCAL: 2,23M
3013,METROPOLITANA DE SANTIAGO,PAINE,PAINE,ESCUELA BASICA PAULA JARAQUEMADA ALQUIZAR LOCAL: 2,33V
3013,METROPOLITANA DE SANTIAGO,PAINE,PAINE,COLEGIO PARTICULAR MARIA ANA MOGAS,85
3013,METROPOLITANA DE SANTIAGO,PEDRO AGUIRRE CERDA,P AGUIRRE CERDA N.,ESCUELA POETAS DE CHILE,12M
3013,METROPOLITANA DE SANTIAGO,PEDRO AGUIRRE CERDA,P AGUIRRE CERDA N.,ESTABLECIMIENTO EDUCATIVO PARTICULAR ARCANGEL GABRIEL N°2,53M
3013,METROPOLITANA DE SANTIAGO,PEDRO AGUIRRE CERDA,P AGUIRRE CERDA N.,ESCUELA PARTICULAR ROCIO DE LOS ANGELES,62M
3013,METROPOLITANA DE SANTIAGO,PEDRO AGUIRRE CERDA,P AGUIRRE CERDA N.,ESCUELA LA VICTORIA,11V
3013,METROPOLITANA DE SANTIAGO,PEDRO AGUIRRE CERDA,P AGUIRRE CERDA N.,CENTRO EDUCATIVO REPUBLICA MEXICANA LOCAL: 1,33V
3013,METROPOLITANA DE SANTIAGO,PEDRO AGUIRRE CERDA,P AGUIRRE CERDA N.,CENTRO EDUCATIVO REPUBLICA MEXICANA LOCAL: 1,43V
3013,METROPOLITANA DE SANTIAGO,PEDRO AGUIRRE CERDA,P AGUIRRE CERDA N.,CENTRO EDUCATIVO REPUBLICA MEXICANA LOCAL: 2,52V
3013,METROPOLITANA DE SANTIAGO,PEDRO AGUIRRE CERDA,P AGUIRRE CERDA N.,CENTRO EDUCATIVO REPUBLICA MEXICANA LOCAL: 2,58V
3013,METROPOLITANA DE SANTIAGO,PEDRO AGUIRRE CERDA,P AGUIRRE CERDA S.,ESCUELA CONSOLIDADA DAVILA,22M
3013,METROPOLITANA DE SANTIAGO,PEDRO AGUIRRE CERDA,P AGUIRRE CERDA S.,ESCUELA VILLA SUR,31M
3013,METROPOLITANA DE SANTIAGO,PEDRO AGUIRRE CERDA,P AGUIRRE CERDA S.,ESCUELA VILLA SUR,38M
3013,METROPOLITANA DE SANTIAGO,PEDRO AGUIRRE CERDA,P AGUIRRE CERDA S.,ESCUELA LO VALLEDOR ,50M
3013,METROPOLITANA DE SANTIAGO,PEDRO AGUIRRE CERDA,P AGUIRRE CERDA S.,ESCUELA BASICA RICARDO EDUARDO LATCHAM,56M
3013,METROPOLITANA DE SANTIAGO,PEDRO AGUIRRE CERDA,P AGUIRRE CERDA S.,COLEGIO GRACE SCHOOL,76M
3013,METROPOLITANA DE SANTIAGO,PEDRO AGUIRRE CERDA,P AGUIRRE CERDA S.,ESCUELA BOROA,98M
3013,METROPOLITANA DE SANTIAGO,PEDRO AGUIRRE CERDA,P AGUIRRE CERDA S.,COLEGIO PARQUE LAS AMERICAS LOCAL: 1,4V
3013,METROPOLITANA DE SANTIAGO,PEDRO AGUIRRE CERDA,P AGUIRRE CERDA S.,COLEGIO PARQUE LAS AMERICAS LOCAL: 1,5V
3013,METROPOLITANA DE SANTIAGO,PEDRO AGUIRRE CERDA,P AGUIRRE CERDA S.,COLEGIO PARQUE LAS AMERICAS LOCAL: 2,24V
3013,METROPOLITANA DE SANTIAGO,PEÑAFLOR,PEÑAFLOR,ESCUELA ROSALINA PESCIO VARGAS,13M
3013,METROPOLITANA DE SANTIAGO,PEÑAFLOR,PEÑAFLOR,ESCUELA EMILIA LASCAR LOCAL: 1,77M
3013,METROPOLITANA DE SANTIAGO,PEÑAFLOR,PEÑAFLOR,COLEGIO INMACULADA CONCEPCIÓN NUESTRA SEÑORA DE LOURDES,29V
3013,METROPOLITANA DE SANTIAGO,PEÑAFLOR,PEÑAFLOR,COLEGIO INMACULADA CONCEPCIÓN NUESTRA SEÑORA DE LOURDES,45V
3013,METROPOLITANA DE SANTIAGO,PEÑAFLOR,PEÑAFLOR,LICEO MUNICIPALIZADO PEÑAFLOR,72V
3013,METROPOLITANA DE SANTIAGO,PEÑALOLEN,CONSISTORIAL,ESCUELA JUAN BAUTISTA PASTENE,6M
3013,METROPOLITANA DE SANTIAGO,PEÑALOLEN,CONSISTORIAL,ESCUELA JUAN BAUTISTA PASTENE,11M
3013,METROPOLITANA DE SANTIAGO,PEÑALOLEN,CONSISTORIAL,ESCUELA BASICA PARTICULAR 1650 MIRAVALLE LOCAL: 1,39
3013,METROPOLITANA DE SANTIAGO,PEÑALOLEN,CONSISTORIAL,ESCUELA BASICA PARTICULAR 1650 MIRAVALLE LOCAL: 1,45
3013,METROPOLITANA DE SANTIAGO,PEÑALOLEN,CONSISTORIAL,ESCUELA SAN JOSE OBRERO,67
3013,METROPOLITANA DE SANTIAGO,PEÑALOLEN,CONSISTORIAL,ESCUELA UNION NACIONAL ARABE,106
3013,METROPOLITANA DE SANTIAGO,PEÑALOLEN,PEÑALOLEN,CENTRO EDUCACIONAL MARIANO EGAÑA LOCAL: 1,85M
3013,METROPOLITANA DE SANTIAGO,PEÑALOLEN,PEÑALOLEN,CENTRO EDUCACIONAL MARIANO EGAÑA LOCAL: 1,90M
3013,METROPOLITANA DE SANTIAGO,PEÑALOLEN,PEÑALOLEN,CENTRO EDUCACIONAL MARIANO EGAÑA LOCAL: 1,93M
3013,METROPOLITANA DE SANTIAGO,PEÑALOLEN,PEÑALOLEN,CENTRO EDUCACIONAL MARIANO EGAÑA LOCAL: 2,108M
3013,METROPOLITANA DE SANTIAGO,PEÑALOLEN,PEÑALOLEN,ESCUELA PARTICULAR SANTA VICTORIA,142M
3013,METROPOLITANA DE SANTIAGO,PEÑALOLEN,PEÑALOLEN,LICEO ANTONIO HERMIDA FABRES LOCAL: 1,61V
3013,METROPOLITANA DE SANTIAGO,PEÑALOLEN,PEÑALOLEN,LICEO ANTONIO HERMIDA FABRES LOCAL: 2,74V
3013,METROPOLITANA DE SANTIAGO,PEÑALOLEN,PEÑALOLEN,ESCUELA SANTA MARIA DE PEÑALOLEN,112V
3013,METROPOLITANA DE SANTIAGO,PEÑALOLEN,SAN LUIS,CENTRO EDUCACIONAL EDUARDO DE LA BARRA LOCAL: 2,29M
3013,METROPOLITANA DE SANTIAGO,PEÑALOLEN,SAN LUIS,COLEGIO PARTICULAR JORGE PRIETO LETELIER ,38V
3013,METROPOLITANA DE SANTIAGO,PEÑALOLEN,SAN LUIS,COLEGIO PARTICULAR JORGE PRIETO LETELIER ,39V
3013,METROPOLITANA DE SANTIAGO,PIRQUE,EL PRINCIPAL,LICEO EL PRINCIPAL,4
3013,METROPOLITANA DE SANTIAGO,PIRQUE,EL PRINCIPAL,LICEO EL PRINCIPAL,11
3013,METROPOLITANA DE SANTIAGO,PIRQUE,PIRQUE,LICEO MUNICIPAL TECNICO PROFESIONAL EL LLANO LOCAL: 1,13M
3013,METROPOLITANA DE SANTIAGO,PIRQUE,PIRQUE,COLEGIO COLONIAL DE PIRQUE,25
3013,METROPOLITANA DE SANTIAGO,PROVIDENCIA,PROVIDENCIA,INSTITUTO DE HUMANIDADES LUIS CAMPINO LOCAL: 2,93M
3013,METROPOLITANA DE SANTIAGO,PROVIDENCIA,PROVIDENCIA,ESCUELA PROVIDENCIA,119M
3013,METROPOLITANA DE SANTIAGO,PROVIDENCIA,PROVIDENCIA,COLEGIO SAN IGNACIO EL BOSQUE LOCAL: 1,201M
3013,METROPOLITANA DE SANTIAGO,PROVIDENCIA,PROVIDENCIA,COLEGIO SAN IGNACIO EL BOSQUE LOCAL: 1,214M
3013,METROPOLITANA DE SANTIAGO,PROVIDENCIA,PROVIDENCIA,COLEGIO PARTICULAR REGINA PACIS,276
3013,METROPOLITANA DE SANTIAGO,PROVIDENCIA,PROVIDENCIA,COLEGIO DE LOS SAGRADOS CORAZONES PROVIDENCIA LOCAL: 2,293
3013,METROPOLITANA DE SANTIAGO,PUDAHUEL,CIUDAD DE LOS VALLES,COLEGIO MANQUECURA CIUDAD DE LOS VALLES,17
3013,METROPOLITANA DE SANTIAGO,PUDAHUEL,CIUDAD DE LOS VALLES,COLEGIO MANQUECURA CIUDAD DE LOS VALLES,20
3013,METROPOLITANA DE SANTIAGO,PUDAHUEL,PUDAHUEL,ESCUELA MONSEÑOR CARLOS OVIEDO ,4M
3013,METROPOLITANA DE SANTIAGO,PUDAHUEL,PUDAHUEL,ESCUELA MONSEÑOR CARLOS OVIEDO ,6M
3013,METROPOLITANA DE SANTIAGO,PUDAHUEL,PUDAHUEL,ESCUELA ESTADO DE FLORIDA,50M
3013,METROPOLITANA DE SANTIAGO,PUDAHUEL,PUDAHUEL,ESCUELA ESTRELLA DE CHILE LOCAL: 1,101M
3013,METROPOLITANA DE SANTIAGO,PUDAHUEL,PUDAHUEL,ESCUELA EL SALITRE ,20V
3013,METROPOLITANA DE SANTIAGO,PUDAHUEL,PUDAHUEL,ESCUELA EL SALITRE ,28V
3013,METROPOLITANA DE SANTIAGO,PUDAHUEL,PUDAHUEL,ESCUELA TENIENTE HERNAN MERINO CORREA ,55V
3013,METROPOLITANA DE SANTIAGO,PUDAHUEL,PUDAHUEL,ESCUELA TENIENTE HERNAN MERINO CORREA ,59V
3013,METROPOLITANA DE SANTIAGO,PUDAHUEL,PUDAHUEL,CENTRO EDUCACIONAL PUDAHUEL,90V
3013,METROPOLITANA DE SANTIAGO,PUDAHUEL,PUDAHUEL,CENTRO EDUCACIONAL PUDAHUEL,102V
3013,METROPOLITANA DE SANTIAGO,PUDAHUEL,PUDAHUEL,ESCUELA BASICA MELVIN JONES LOCAL: 1,119V
3013,METROPOLITANA DE SANTIAGO,PUDAHUEL,PUDAHUEL,ESCUELA BASICA MELVIN JONES LOCAL: 2,140
3013,METROPOLITANA DE SANTIAGO,PUDAHUEL,PUDAHUEL,ESCUELA ALBERT EINSTEIN LOCAL: 1,153
3013,METROPOLITANA DE SANTIAGO,PUDAHUEL,PUDAHUEL,ESCUELA ALBERT EINSTEIN LOCAL: 2,168
3013,METROPOLITANA DE SANTIAGO,PUDAHUEL,PUDAHUEL,COLEGIO FINLANDIA,190
3013,METROPOLITANA DE SANTIAGO,PUDAHUEL,PUDAHUEL SUR,LICEO MONSEÑOR ENRIQUE ALVEAR MEDIA LOCAL: 2,28M
3013,METROPOLITANA DE SANTIAGO,PUDAHUEL,PUDAHUEL SUR,LICEO MONSEÑOR ENRIQUE ALVEAR BASICA,1V
3013,METROPOLITANA DE SANTIAGO,PUDAHUEL,PUDAHUEL SUR,LICEO MONSEÑOR ENRIQUE ALVEAR BASICA,8V
3013,METROPOLITANA DE SANTIAGO,PUDAHUEL,PUDAHUEL SUR,ESCUELA PUERTO FUTURO,48
3013,METROPOLITANA DE SANTIAGO,PUDAHUEL,PUDAHUEL SUR,COLEGIO POLIVALENTE GERONIMO DE ALDERETE,69
3013,METROPOLITANA DE SANTIAGO,PUDAHUEL,PUDAHUEL SUR,COLEGIO POLIVALENTE GERONIMO DE ALDERETE,74
3013,METROPOLITANA DE SANTIAGO,PUDAHUEL,PUDAHUEL SUR,COLEGIO SAN ALBERTO HURTADO DE PUDAHUEL,79
3013,METROPOLITANA DE SANTIAGO,PUENTE ALTO,BAJOS DE MENA,ESCUELA LAS PALMAS,43
3013,METROPOLITANA DE SANTIAGO,PUENTE ALTO,PUENTE ALTO,ESCUELA LOS ANDES LOCAL: 2,18M
3013,METROPOLITANA DE SANTIAGO,PUENTE ALTO,PUENTE ALTO,ESCUELA LOS ANDES LOCAL: 2,21M
3013,METROPOLITANA DE SANTIAGO,PUENTE ALTO,PUENTE ALTO,ESCUELA LOS ANDES LOCAL: 2,24M
3013,METROPOLITANA DE SANTIAGO,PUENTE ALTO,PUENTE ALTO,ESCUELA NONATO COO LOCAL: 1,30M
3013,METROPOLITANA DE SANTIAGO,PUENTE ALTO,PUENTE ALTO,ESCUELA NONATO COO LOCAL: 1,39M
3013,METROPOLITANA DE SANTIAGO,PUENTE ALTO,PUENTE ALTO,ESCUELA NONATO COO LOCAL: 1,46M
3013,METROPOLITANA DE SANTIAGO,PUENTE ALTO,PUENTE ALTO,ESCUELA NONATO COO LOCAL: 2,48M
3013,METROPOLITANA DE SANTIAGO,PUENTE ALTO,PUENTE ALTO,ESCUELA NONATO COO LOCAL: 2,56M
3013,METROPOLITANA DE SANTIAGO,PUENTE ALTO,PUENTE ALTO,LICEO INDUSTRIAL MUNICIPALIZADO A 116 LOCAL: 1,67M
3013,METROPOLITANA DE SANTIAGO,PUENTE ALTO,PUENTE ALTO,LICEO INDUSTRIAL MUNICIPALIZADO A 116 LOCAL: 1,71M
3013,METROPOLITANA DE SANTIAGO,PUENTE ALTO,PUENTE ALTO,LICEO INDUSTRIAL MUNICIPALIZADO A 116 LOCAL: 1,72M
3013,METROPOLITANA DE SANTIAGO,PUENTE ALTO,PUENTE ALTO,LICEO INDUSTRIAL MUNICIPALIZADO A 116 LOCAL: 2,100M
3013,METROPOLITANA DE SANTIAGO,PUENTE ALTO,PUENTE ALTO,LICEO PUENTE ALTO LOCAL: 1,111M
3013,METROPOLITANA DE SANTIAGO,PUENTE ALTO,PUENTE ALTO,LICEO PUENTE ALTO LOCAL: 2,123M
3013,METROPOLITANA DE SANTIAGO,PUENTE ALTO,PUENTE ALTO,LICEO PUENTE ALTO LOCAL: 2,125M
3013,METROPOLITANA DE SANTIAGO,PUENTE ALTO,PUENTE ALTO,COLEGIO POLIVALENTE DOMINGO MATTE MESIAS LOCAL: 2,162M
3013,METROPOLITANA DE SANTIAGO,PUENTE ALTO,PUENTE ALTO,COLEGIO PARTICULAR SAN JOSE DE PUENTE ALTO LOCAL: 2,198M
3013,METROPOLITANA DE SANTIAGO,PUENTE ALTO,PUENTE ALTO,COLEGIO PARTICULAR SAN JOSE DE PUENTE ALTO LOCAL: 2,204M
3013,METROPOLITANA DE SANTIAGO,PUENTE ALTO,PUENTE ALTO,ESCUELA REPUBLICA DE GRECIA LOCAL: 2,228M
3013,METROPOLITANA DE SANTIAGO,PUENTE ALTO,PUENTE ALTO,CENTRO EDUCACIONAL SAN CARLOS DE ARAGON LOCAL: 1 ,244M
3013,METROPOLITANA DE SANTIAGO,PUENTE ALTO,PUENTE ALTO,CENTRO EDUCACIONAL SAN CARLOS DE ARAGON LOCAL: 1 ,246M
3013,METROPOLITANA DE SANTIAGO,PUENTE ALTO,PUENTE ALTO,CENTRO EDUCACIONAL SAN CARLOS DE ARAGON LOCAL: 2,273M
3013,METROPOLITANA DE SANTIAGO,PUENTE ALTO,PUENTE ALTO,LICEO NUESTRA SEÑORA DE LAS MERCEDES LOCAL: 1,285M
3013,METROPOLITANA DE SANTIAGO,PUENTE ALTO,PUENTE ALTO,LICEO NUESTRA SEÑORA DE LAS MERCEDES LOCAL: 2,295M
3013,METROPOLITANA DE SANTIAGO,PUENTE ALTO,PUENTE ALTO,LICEO SAN GERONIMO LOCAL: 2,23V
3013,METROPOLITANA DE SANTIAGO,PUENTE ALTO,PUENTE ALTO,ESCUELA CONSOLIDADA LOCAL: 1,49V
3013,METROPOLITANA DE SANTIAGO,PUENTE ALTO,PUENTE ALTO,ESCUELA CONSOLIDADA LOCAL: 2,55V
3013,METROPOLITANA DE SANTIAGO,PUENTE ALTO,PUENTE ALTO,CENTRO EDUCACIONAL NUEVA CREACION LOCAL: 1,76V
3013,METROPOLITANA DE SANTIAGO,PUENTE ALTO,PUENTE ALTO,ESCUELA OSCAR BONILLA LOCAL: 1,104V
3013,METROPOLITANA DE SANTIAGO,PUENTE ALTO,PUENTE ALTO,LICEO COMERCIAL DE PUENTE ALTO LOCAL: 1,142V
3013,METROPOLITANA DE SANTIAGO,PUENTE ALTO,PUENTE ALTO,COLEGIO MAIPO LOCAL: 1,181V
3013,METROPOLITANA DE SANTIAGO,PUENTE ALTO,PUENTE ALTO,COLEGIO MAIPO LOCAL: 2,203V
3013,METROPOLITANA DE SANTIAGO,PUENTE ALTO,PUENTE ALTO,ESCUELA VILLA INDEPENDENCIA LOCAL: 1,208V
3013,METROPOLITANA DE SANTIAGO,PUENTE ALTO,PUENTE ALTO,ESCUELA VILLA INDEPENDENCIA LOCAL: 2,228V
3013,METROPOLITANA DE SANTIAGO,PUENTE ALTO,PUENTE ALTO,ESCUELA VILLA INDEPENDENCIA LOCAL: 2,230V
3013,METROPOLITANA DE SANTIAGO,PUENTE ALTO,PUENTE ALTO,COLEGIO ALICANTE DEL SOL LOCAL: 2,306
3013,METROPOLITANA DE SANTIAGO,PUENTE ALTO,PUENTE ALTO,COLEGIO ALICANTE DEL SOL LOCAL: 2,318
3013,METROPOLITANA DE SANTIAGO,PUENTE ALTO,PUENTE ALTO,COLEGIO ALICANTE DEL SOL LOCAL: 2,319
3013,METROPOLITANA DE SANTIAGO,PUENTE ALTO,PUENTE ALTO,COLEGIO ALICANTE DEL SOL LOCAL: 3,330
3013,METROPOLITANA DE SANTIAGO,PUENTE ALTO,PUENTE ALTO,COLEGIO PARTICULAR ALTAZOR LOCAL: 2,375
3013,METROPOLITANA DE SANTIAGO,PUENTE ALTO,PUENTE ALTO,EXTREMADURA DE PUENTE ALTO LOCAL: 1,435
3013,METROPOLITANA DE SANTIAGO,PUENTE ALTO,PUENTE ALTO,ESCUELA VILLA PEDRO AGUIRRE CERDA,612
3013,METROPOLITANA DE SANTIAGO,PUENTE ALTO,SOTERO DEL RIO,LICEO INGENIERO MILITAR JUAN MACKENNA O'REILLY ,20
3013,METROPOLITANA DE SANTIAGO,QUILICURA,QUILICURA,ESCUELA ESTADO DE MICHIGAN,32M
3013,METROPOLITANA DE SANTIAGO,QUILICURA,QUILICURA,COLEGIO PARTICULAR MELFORD COLLEGE,63M
3013,METROPOLITANA DE SANTIAGO,QUILICURA,QUILICURA,COLEGIO PARTICULAR MELFORD COLLEGE,75M
3013,METROPOLITANA DE SANTIAGO,QUILICURA,QUILICURA,COLEGIO SANTA BARBARA H.S.,92M
3013,METROPOLITANA DE SANTIAGO,QUILICURA,QUILICURA,ESCUELA LUIS CRUZ MARTINEZ LOCAL: 1,108M
3013,METROPOLITANA DE SANTIAGO,QUILICURA,QUILICURA,ESCUELA LUIS CRUZ MARTINEZ LOCAL: 2,23V
3013,METROPOLITANA DE SANTIAGO,QUILICURA,QUILICURA,ESCUELA BASICA ANA FRANK,48V
3013,METROPOLITANA DE SANTIAGO,QUILICURA,QUILICURA,ESCUELA BASICA ANA FRANK,50V
3013,METROPOLITANA DE SANTIAGO,QUILICURA,QUILICURA,ESCUELA BASICA ANA FRANK,52V
3013,METROPOLITANA DE SANTIAGO,QUILICURA,QUILICURA,ESCUELA BASICA ANA FRANK,61V
3013,METROPOLITANA DE SANTIAGO,QUILICURA,QUILICURA,COLEGIO PALMARES,66V
3013,METROPOLITANA DE SANTIAGO,QUILICURA,QUILICURA,COLEGIO PALMARES,71V
3013,METROPOLITANA DE SANTIAGO,QUILICURA,QUILICURA,LICEO BICENTENARIO DE EXCELENCIA FRANCISCO BILBAO BARQUIN DE QUILICURA,87V
3013,METROPOLITANA DE SANTIAGO,QUILICURA,QUILICURA,COLEGIO SAN SEBASTIAN DE QUILICURA LOCAL: 1,125
3013,METROPOLITANA DE SANTIAGO,QUILICURA,QUILICURA,COLEGIO SAN SEBASTIAN DE QUILICURA LOCAL: 2,140
3013,METROPOLITANA DE SANTIAGO,QUILICURA,QUILICURA,ESCUELA BASICA EL MAÑIO,165
3013,METROPOLITANA DE SANTIAGO,QUILICURA,QUILICURA,LICEO JOSE DOMINGO CAÑAS,172
3013,METROPOLITANA DE SANTIAGO,QUILICURA,QUILICURA,LICEO JOSE DOMINGO CAÑAS,180
3013,METROPOLITANA DE SANTIAGO,QUILICURA,QUILICURA,COLEGIO PARTICULAR NOVO MUNDO,202
3013,METROPOLITANA DE SANTIAGO,QUILICURA,QUILICURA,COLEGIO SAN CARLOS DE QUILICURA,213
3013,METROPOLITANA DE SANTIAGO,QUILICURA,QUILICURA,COLEGIO SAN CARLOS DE QUILICURA,214
3013,METROPOLITANA DE SANTIAGO,QUILICURA,QUILICURA,COLEGIO SAN CARLOS DE QUILICURA,221
3013,METROPOLITANA DE SANTIAGO,QUILICURA,QUILICURA,COLEGIO SAN ISAAC JOGUES,259
3013,METROPOLITANA DE SANTIAGO,QUILICURA,QUILICURA,COLEGIO SAN ADRIAN DE QUILICURA,324-325-326
3013,METROPOLITANA DE SANTIAGO,QUINTA NORMAL,QUINTA NORMAL,ESCUELA ANTUMALAL LOCAL: 2,18M
3013,METROPOLITANA DE SANTIAGO,QUINTA NORMAL,QUINTA NORMAL,ESCUELA ANTUMALAL LOCAL: 2,25M
3013,METROPOLITANA DE SANTIAGO,QUINTA NORMAL,QUINTA NORMAL,COLEGIO BICENTENARIO ELVIRA HURTADO DE MATTE DE SANTIAGO,139M
3013,METROPOLITANA DE SANTIAGO,QUINTA NORMAL,QUINTA NORMAL,COLEGIO BICENTENARIO ELVIRA HURTADO DE MATTE DE SANTIAGO,145M
3013,METROPOLITANA DE SANTIAGO,QUINTA NORMAL,QUINTA NORMAL,COLEGIO BICENTENARIO ELVIRA HURTADO DE MATTE DE SANTIAGO,146M
3013,METROPOLITANA DE SANTIAGO,QUINTA NORMAL,QUINTA NORMAL,LICEO POLIVALENTE JUAN ANTONIO RIOS LOCAL: 1,61V
3013,METROPOLITANA DE SANTIAGO,QUINTA NORMAL,QUINTA NORMAL,LICEO INDUSTRIAL BENJAMIN FRANKLIN LOCAL: 2,111V
3013,METROPOLITANA DE SANTIAGO,RECOLETA,RECOLETA NORTE,CENTRO EDUCACIONAL ESCRITORES DE CHILE,22M
3013,METROPOLITANA DE SANTIAGO,RECOLETA,RECOLETA NORTE,CENTRO EDUCACIONAL ESCRITORES DE CHILE,23M
3013,METROPOLITANA DE SANTIAGO,RECOLETA,RECOLETA NORTE,LICEO AVENIDA RECOLETA LOCAL: 1,51M
3013,METROPOLITANA DE SANTIAGO,RECOLETA,RECOLETA NORTE,LICEO AVENIDA RECOLETA LOCAL: 1,52M
3013,METROPOLITANA DE SANTIAGO,RECOLETA,RECOLETA NORTE,LICEO AVENIDA RECOLETA LOCAL: 2,65M
3013,METROPOLITANA DE SANTIAGO,RECOLETA,RECOLETA NORTE,ESCUELA BASICA N° 953 JOSE ARTIGAS,88M
3013,METROPOLITANA DE SANTIAGO,RECOLETA,RECOLETA NORTE,ESCUELA ESPAÑA,12V
3013,METROPOLITANA DE SANTIAGO,RECOLETA,RECOLETA NORTE,ESCUELA PUERTO RICO,31V
3013,METROPOLITANA DE SANTIAGO,RECOLETA,RECOLETA NORTE,ESCUELA MUNICIPAL HERMANA MARIA GORETTI,48V
3013,METROPOLITANA DE SANTIAGO,RECOLETA,RECOLETA NORTE,ESCUELA SARGENTO 2 DANIEL REBOLLEDO,67V
3013,METROPOLITANA DE SANTIAGO,RECOLETA,RECOLETA SUR,COMPLEJO EDUCACIONAL JUANITA FERNANDEZ SOLAR,5M
3013,METROPOLITANA DE SANTIAGO,RECOLETA,RECOLETA SUR,COMPLEJO EDUCACIONAL JUANITA FERNANDEZ SOLAR,14M
3013,METROPOLITANA DE SANTIAGO,RECOLETA,RECOLETA SUR,LICEO PAULA JARAQUEMADA,19M
3013,METROPOLITANA DE SANTIAGO,RECOLETA,RECOLETA SUR,LICEO PAULA JARAQUEMADA,32M
3013,METROPOLITANA DE SANTIAGO,RECOLETA,RECOLETA SUR,ESCUELA BASICA BILINGÜE REPUBLICA DEL PARAGUAY LOCAL: 1,49M
3013,METROPOLITANA DE SANTIAGO,RECOLETA,RECOLETA SUR,ESCUELA RAFAEL VALDIVIESO,85M
3013,METROPOLITANA DE SANTIAGO,RECOLETA,RECOLETA SUR,ESCUELA VICTOR CUCCUINI,142
3013,METROPOLITANA DE SANTIAGO,RENCA,RENCA,ESCUELA GENERAL ALEJANDRO GOROSTIAGA ORREGO,28M
3013,METROPOLITANA DE SANTIAGO,RENCA,RENCA,ESCUELA GENERAL ALEJANDRO GOROSTIAGA ORREGO,37M
3013,METROPOLITANA DE SANTIAGO,RENCA,RENCA,ESCUELA BASICA LO VELASQUEZ,52M
3013,METROPOLITANA DE SANTIAGO,RENCA,RENCA,ESCUELA N° 1365 PADRE GUSTAVO LE PAIGE LOCAL: 1,73M
3013,METROPOLITANA DE SANTIAGO,RENCA,RENCA,ESCUELA N° 1365 PADRE GUSTAVO LE PAIGE LOCAL: 2,102M
3013,METROPOLITANA DE SANTIAGO,RENCA,RENCA,ESCUELA BASICA ISABEL LE BRUN,4V
3013,METROPOLITANA DE SANTIAGO,RENCA,RENCA,LICEO THOMAS ALVA EDISON,18V
3013,METROPOLITANA DE SANTIAGO,RENCA,RENCA,COLEGIO POLIVALENTE SAN JOSE DE RENCA LOCAL: 2,138V
3013,METROPOLITANA DE SANTIAGO,RENCA,RENCA,ESCUELA CAPITAN JOSE LUIS ARANEDA,157
3013,METROPOLITANA DE SANTIAGO,RENCA,RENCA,ESCUELA CAPITAN JOSE LUIS ARANEDA,164
3013,METROPOLITANA DE SANTIAGO,SAN BERNARDO,SAN BERNARDO,GIMNASIO MUNICIPAL,199M
3013,METROPOLITANA DE SANTIAGO,SAN BERNARDO,SAN BERNARDO,ESCUELA LIBERTADOR GENERAL BERNARDO O'HIGGINS ,16V
3013,METROPOLITANA DE SANTIAGO,SAN BERNARDO,SAN BERNARDO,LICEO HARDWARE ,28V
3013,METROPOLITANA DE SANTIAGO,SAN BERNARDO,SAN BERNARDO,LICEO HARDWARE ,34V
3013,METROPOLITANA DE SANTIAGO,SAN BERNARDO,SAN BERNARDO,LICEO HARDWARE ,43V
3013,METROPOLITANA DE SANTIAGO,SAN BERNARDO,SAN BERNARDO,ESCUELA MANUEL MAGALLANES MOURE,78V
3013,METROPOLITANA DE SANTIAGO,SAN BERNARDO,SAN BERNARDO,LICEO POLIVALENTE LUCILA GODOY ALCAYAGA,116V
3013,METROPOLITANA DE SANTIAGO,SAN BERNARDO,SAN BERNARDO,CENTRO EDUCACIONAL BALDOMERO LILLO LOCAL: 2,232V
3013,METROPOLITANA DE SANTIAGO,SAN JOAQUIN,SAN JOAQUIN,LICEO MUNICIPAL SAN JOAQUIN,3M
3013,METROPOLITANA DE SANTIAGO,SAN JOAQUIN,SAN JOAQUIN,LICEO MUNICIPAL SAN JOAQUIN,6M
3013,METROPOLITANA DE SANTIAGO,SAN JOAQUIN,SAN JOAQUIN,LICEO MUNICIPAL SAN JOAQUIN,9M
3013,METROPOLITANA DE SANTIAGO,SAN JOAQUIN,SAN JOAQUIN,LICEO MUNICIPAL SAN JOAQUIN,14M
3013,METROPOLITANA DE SANTIAGO,SAN JOAQUIN,SAN JOAQUIN,COLEGIO HAYDN DE SAN JOAQUIN,41M
3013,METROPOLITANA DE SANTIAGO,SAN JOAQUIN,SAN JOAQUIN,COLEGIO HAYDN DE SAN JOAQUIN,42M
3013,METROPOLITANA DE SANTIAGO,SAN JOAQUIN,SAN JOAQUIN,COLEGIO HAYDN DE SAN JOAQUIN,48M
3013,METROPOLITANA DE SANTIAGO,SAN JOAQUIN,SAN JOAQUIN,COLEGIO HAYDN DE SAN JOAQUIN,49M
3013,METROPOLITANA DE SANTIAGO,SAN JOAQUIN,SAN JOAQUIN,COLEGIO CIUDAD DE FRANKFORT,106M
3013,METROPOLITANA DE SANTIAGO,SAN JOAQUIN,SAN JOAQUIN,COLEGIO INFOCAP,81V
3013,METROPOLITANA DE SANTIAGO,SAN JOSE DE MAIPO,SAN JOSE DE MAIPO,ESCUELA JULIETA BECERRA ALVAREZ,2M
3013,METROPOLITANA DE SANTIAGO,SAN JOSE DE MAIPO,SAN JOSE DE MAIPO,ESCUELA JULIETA BECERRA ALVAREZ,20M
3013,METROPOLITANA DE SANTIAGO,SAN JOSE DE MAIPO,SAN JOSE DE MAIPO,LICEO POLIVALENTE SAN JOSE DE MAIPO,20V
3013,METROPOLITANA DE SANTIAGO,SAN MIGUEL,SAN MIGUEL,LICEO ANDRES BELLO LOCAL: 2,23M
3013,METROPOLITANA DE SANTIAGO,SAN MIGUEL,SAN MIGUEL,LICEO ANDRES BELLO LOCAL: 2,29M
3013,METROPOLITANA DE SANTIAGO,SAN MIGUEL,SAN MIGUEL,COLEGIO PARROQUIAL SAN MIGUEL LOCAL: 2,50M
3013,METROPOLITANA DE SANTIAGO,SAN MIGUEL,SAN MIGUEL,COLEGIO PARROQUIAL SAN MIGUEL LOCAL: 2,56M
3013,METROPOLITANA DE SANTIAGO,SAN MIGUEL,SAN MIGUEL,INSTITUTO SUPERIOR DE COMERCIO DE CHILE (EX A99) LOCAL: 2,74M
3013,METROPOLITANA DE SANTIAGO,SAN MIGUEL,SAN MIGUEL,INSTITUTO MIGUEL LEON PRADO,108M
3013,METROPOLITANA DE SANTIAGO,SAN MIGUEL,SAN MIGUEL,ESCUELA LLANO SUBERCASEAUX LOCAL: 1,111M
3013,METROPOLITANA DE SANTIAGO,SAN MIGUEL,SAN MIGUEL,ESCUELA TERRITORIO ANTARTICO,1V
3013,METROPOLITANA DE SANTIAGO,SAN MIGUEL,SAN MIGUEL,ESCUELA DE LA INDUSTRIA GRAFICA HECTOR GOMEZ,70V
3013,METROPOLITANA DE SANTIAGO,SAN MIGUEL,SAN MIGUEL,LICEO BETSABE HORMAZABAL DE ALARCON LOCAL: 2,95V
3013,METROPOLITANA DE SANTIAGO,SAN MIGUEL,SAN MIGUEL,LICEO BETSABE HORMAZABAL DE ALARCON LOCAL: 2,110V
3013,METROPOLITANA DE SANTIAGO,SAN MIGUEL,SAN MIGUEL,COLEGIO CHILE,172
3013,METROPOLITANA DE SANTIAGO,SAN MIGUEL,SAN MIGUEL,COLEGIO BICENTENARIO SANTO CURA DE ARS,188
3013,METROPOLITANA DE SANTIAGO,SAN PEDRO,SAN PEDRO,LICEO MUNICIPAL DE SAN PEDRO LOCAL: 2,8V
3013,METROPOLITANA DE SANTIAGO,SAN RAMON,SAN RAMON,LICEO MUNICIPALIZADO ARAUCANIA,11M
3013,METROPOLITANA DE SANTIAGO,SAN RAMON,SAN RAMON,LICEO MUNICIPALIZADO ARAUCANIA,14M
3013,METROPOLITANA DE SANTIAGO,SAN RAMON,SAN RAMON,CENTRO EDUCACIONAL SAN RAMON,27M
3013,METROPOLITANA DE SANTIAGO,SAN RAMON,SAN RAMON,ESCUELA BASICA ALIVEN,65M
3013,METROPOLITANA DE SANTIAGO,SAN RAMON,SAN RAMON,ESCUELA BASICA VILLA LA CULTURA,97M
3013,METROPOLITANA DE SANTIAGO,SAN RAMON,SAN RAMON,ESCUELA BASICA EDUCADORES DE CHILE,13V
3013,METROPOLITANA DE SANTIAGO,SAN RAMON,SAN RAMON,ESCUELA BASICA EDUCADORES DE CHILE,17V
3013,METROPOLITANA DE SANTIAGO,SAN RAMON,SAN RAMON,ESCUELA NANIHUE,53V
3013,METROPOLITANA DE SANTIAGO,SAN RAMON,SAN RAMON,ESCUELA NANIHUE,58V
3013,METROPOLITANA DE SANTIAGO,SAN RAMON,SAN RAMON,ESCUELA BASICA SENDERO DEL SABER,80V
3013,METROPOLITANA DE SANTIAGO,SAN RAMON,SAN RAMON,CENTRO DE EDUCACION PAULA JARAQUEMADA,97V
3013,METROPOLITANA DE SANTIAGO,SAN RAMON,SAN RAMON,CENTRO DE EDUCACION PAULA JARAQUEMADA,98V
3013,METROPOLITANA DE SANTIAGO,SANTIAGO,EL CENTRO,ESCUELA BASICA LIBERTADORES DE CHILE LOCAL: 2,52V
3013,METROPOLITANA DE SANTIAGO,SANTIAGO,EL CENTRO,ESCUELA BASICA REPUBLICA DE PANAMA,189
3013,METROPOLITANA DE SANTIAGO,SANTIAGO,EL CENTRO,COLEGIO NUESTRA SEÑORA DE ANDACOLLO LOCAL: 2,345
3013,METROPOLITANA DE SANTIAGO,SANTIAGO,PARQUE ALMAGRO,ESCUELA COLEGIO POLIVALENTE SANTA FAMILIA,78M
3013,METROPOLITANA DE SANTIAGO,SANTIAGO,PARQUE ALMAGRO,LICEO CONFEDERACION SUIZA,3V
3013,METROPOLITANA DE SANTIAGO,SANTIAGO,PARQUE ALMAGRO,ESCUELA BASICA BENJAMIN VICUÑA MACKENNA,85V
3013,METROPOLITANA DE SANTIAGO,SANTIAGO,PARQUE ALMAGRO,LICEO MIGUEL DE CERVANTES Y SAAVEDRA,91V
3013,METROPOLITANA DE SANTIAGO,SANTIAGO,PARQUE ALMAGRO,COLEGIO EXCELSIOR LOCAL: 1,174
3013,METROPOLITANA DE SANTIAGO,SANTIAGO,PARQUE ALMAGRO,COLEGIO EXCELSIOR LOCAL: 1,179
3013,METROPOLITANA DE SANTIAGO,SANTIAGO,PARQUE ALMAGRO,COLEGIO EXCELSIOR LOCAL: 2,182
3013,METROPOLITANA DE SANTIAGO,SANTIAGO,PARQUE ALMAGRO,COLEGIO EXCELSIOR LOCAL: 2,191
3013,METROPOLITANA DE SANTIAGO,SANTIAGO,PARQUE O'HIGGINS,LICEO MUNICIPAL METROPOLITANO DE ADULTOS LOCAL: 1,51M
3013,METROPOLITANA DE SANTIAGO,SANTIAGO,PARQUE O'HIGGINS,ESCUELA BASICA IRENE FREI DE CID,34V
3013,METROPOLITANA DE SANTIAGO,SANTIAGO,PARQUE O'HIGGINS,INSTITUTO HERMANOS MATTE LOCAL: 2,105V
3013,METROPOLITANA DE SANTIAGO,TALAGANTE,TALAGANTE,LICEO POLITECNICO C-120 LOCAL: 1,49M
3013,METROPOLITANA DE SANTIAGO,TALAGANTE,TALAGANTE,LICEO TALAGANTE MEDIA LOCAL: 1,4V
3013,METROPOLITANA DE SANTIAGO,TALAGANTE,TALAGANTE,LICEO TALAGANTE MEDIA LOCAL: 1,11V
3013,METROPOLITANA DE SANTIAGO,TALAGANTE,TALAGANTE,LICEO TALAGANTE MEDIA LOCAL: 1,17V
3013,METROPOLITANA DE SANTIAGO,TILTIL,HUERTOS FAMILIARES,LICEO HUERTOS FAMILIARES,4
3013,METROPOLITANA DE SANTIAGO,VITACURA,VITACURA,COLEGIO LOS ANDES DE VITACURA,22M
3013,METROPOLITANA DE SANTIAGO,VITACURA,VITACURA,COLEGIO SAN PEDRO NOLASCO ,97M
3013,METROPOLITANA DE SANTIAGO,VITACURA,VITACURA,COLEGIO SANTA URSULA VITACURA,120M
3013,METROPOLITANA DE SANTIAGO,VITACURA,VITACURA,LICEO MARIA LUISA BOMBAL,130M
3013,METROPOLITANA DE SANTIAGO,VITACURA,VITACURA,COLEGIO DE LOS SAGRADOS CORAZONES DE MANQUEHUE LOCAL: 1,135M
3013,METROPOLITANA DE SANTIAGO,VITACURA,VITACURA,COLEGIO DE LOS SAGRADOS CORAZONES DE MANQUEHUE LOCAL: 1,140M
3013,METROPOLITANA DE SANTIAGO,VITACURA,VITACURA,COLEGIO DE LOS SAGRADOS CORAZONES DE MANQUEHUE LOCAL: 2,24V
3013,METROPOLITANA DE SANTIAGO,VITACURA,VITACURA,COLEGIO DE LOS SAGRADOS CORAZONES DE MANQUEHUE LOCAL: 2,26V
3006,DEL LIBERTADOR GENERAL BERNARDO O'HIGGINS,CHEPICA,CHEPICA,LICEO FERMIN DEL REAL CASTILLO,10M
3006,DEL LIBERTADOR GENERAL BERNARDO O'HIGGINS,COLTAUCO,COLTAUCO,CASINO PARQUE LOS TACOS,29
3006,DEL LIBERTADOR GENERAL BERNARDO O'HIGGINS,DOÑIHUE,DOÑIHUE,LICEO CLAUDIO ARRAU,2V
3006,DEL LIBERTADOR GENERAL BERNARDO O'HIGGINS,DOÑIHUE,DOÑIHUE,LICEO CLAUDIO ARRAU,10V
3006,DEL LIBERTADOR GENERAL BERNARDO O'HIGGINS,DOÑIHUE,DOÑIHUE,ESCUELA LAURA MATUS MELENDEZ,16
3006,DEL LIBERTADOR GENERAL BERNARDO O'HIGGINS,GRANEROS,GRANEROS,LICEO MUNICIPAL MISAEL LOBOS MONROY,15M
3006,DEL LIBERTADOR GENERAL BERNARDO O'HIGGINS,GRANEROS,GRANEROS,ESCUELA SIXTO MENDEZ PARADA,14V
3006,DEL LIBERTADOR GENERAL BERNARDO O'HIGGINS,LAS CABRAS,LAGO RAPEL (EL MANZANO),ESCUELA CONTRAMAESTRE CONSTANTINO MICALVI,6M
3006,DEL LIBERTADOR GENERAL BERNARDO O'HIGGINS,LAS CABRAS,LAS CABRAS,ESCUELA ROMILIO ARELLANO TRONCOSO,11V
3006,DEL LIBERTADOR GENERAL BERNARDO O'HIGGINS,LOLOL,LOLOL,LICEO MUNICIPAL DE LOLOL,1M
3006,DEL LIBERTADOR GENERAL BERNARDO O'HIGGINS,MACHALI,MACHALI,COLEGIO GABRIELA MISTRAL,14M
3006,DEL LIBERTADOR GENERAL BERNARDO O'HIGGINS,MACHALI,MACHALI,COLEGIO LOS LLANOS,28M
3006,DEL LIBERTADOR GENERAL BERNARDO O'HIGGINS,MACHALI,MACHALI,LICEO MACHALI,13V
3006,DEL LIBERTADOR GENERAL BERNARDO O'HIGGINS,MACHALI,MACHALI,LICEO MACHALI,16V
3006,DEL LIBERTADOR GENERAL BERNARDO O'HIGGINS,MACHALI,MACHALI,LICEO MACHALI,20V
3006,DEL LIBERTADOR GENERAL BERNARDO O'HIGGINS,MALLOA,MALLOA,ESCUELA ALCIDES REYES FRIAS ANEXO,15V
3006,DEL LIBERTADOR GENERAL BERNARDO O'HIGGINS,MOSTAZAL,MOSTAZAL,ESCUELA GABRIELA MISTRAL,13M
3006,DEL LIBERTADOR GENERAL BERNARDO O'HIGGINS,MOSTAZAL,MOSTAZAL,COLEGIO ANDRES BELLO,31
3006,DEL LIBERTADOR GENERAL BERNARDO O'HIGGINS,NANCAGUA,NANCAGUA,COLEGIO PARTICULAR EL PRINCIPITO,12V
3006,DEL LIBERTADOR GENERAL BERNARDO O'HIGGINS,PALMILLA,PALMILLA,ESCUELA MUNICIPAL DE PALMILLA,10M
3006,DEL LIBERTADOR GENERAL BERNARDO O'HIGGINS,PEUMO,PEUMO,ESCUELA ANTONIO DE ZUNIGA ANEXO,4M
3006,DEL LIBERTADOR GENERAL BERNARDO O'HIGGINS,PICHIDEGUA,PICHIDEGUA,LICEO LATINOAMERICANO,8M
3006,DEL LIBERTADOR GENERAL BERNARDO O'HIGGINS,PICHIDEGUA,PICHIDEGUA,LICEO LATINOAMERICANO,13M
3006,DEL LIBERTADOR GENERAL BERNARDO O'HIGGINS,PICHILEMU,PICHILEMU,ESCUELA DIGNA CAMILO AGUILAR,9V
3006,DEL LIBERTADOR GENERAL BERNARDO O'HIGGINS,PICHILEMU,PICHILEMU,ESCUELA DIVINO MAESTRO,24
3006,DEL LIBERTADOR GENERAL BERNARDO O'HIGGINS,RANCAGUA,RANCAGUA,LICEO DE NIÑAS,22M
3006,DEL LIBERTADOR GENERAL BERNARDO O'HIGGINS,RANCAGUA,RANCAGUA,LICEO DE NIÑAS,27M
3006,DEL LIBERTADOR GENERAL BERNARDO O'HIGGINS,RANCAGUA,RANCAGUA,ESCUELA MUNICIPAL MARCELA PAZ,36M
3006,DEL LIBERTADOR GENERAL BERNARDO O'HIGGINS,RANCAGUA,RANCAGUA,ESCUELA MUNICIPAL MARCELA PAZ,42M
3006,DEL LIBERTADOR GENERAL BERNARDO O'HIGGINS,RANCAGUA,RANCAGUA,COLEGIO MUNICIPAL EDUARDO DE GEYTER,106M
3006,DEL LIBERTADOR GENERAL BERNARDO O'HIGGINS,RANCAGUA,RANCAGUA,COLEGIO MUNICIPAL EDUARDO DE GEYTER,124M
3006,DEL LIBERTADOR GENERAL BERNARDO O'HIGGINS,RANCAGUA,RANCAGUA,ESCUELA MUNICIPAL EL COBRE,140M
3006,DEL LIBERTADOR GENERAL BERNARDO O'HIGGINS,RANCAGUA,RANCAGUA,LICEO TECNICO DE RANCAGUA,158M
3006,DEL LIBERTADOR GENERAL BERNARDO O'HIGGINS,RANCAGUA,RANCAGUA,LICEO TECNICO DE RANCAGUA,166M
3006,DEL LIBERTADOR GENERAL BERNARDO O'HIGGINS,RANCAGUA,RANCAGUA,LICEO TECNICO DE RANCAGUA,167M
3006,DEL LIBERTADOR GENERAL BERNARDO O'HIGGINS,RANCAGUA,RANCAGUA,COLEGIO JOSE ANTONIO MANSO DE VELASCO,185M
3006,DEL LIBERTADOR GENERAL BERNARDO O'HIGGINS,RANCAGUA,RANCAGUA,LICEO OSCAR CASTRO ZUNIGA,14V
3006,DEL LIBERTADOR GENERAL BERNARDO O'HIGGINS,RANCAGUA,RANCAGUA,LICEO MUNICIPAL JOSE VICTORINO LASTARRIA,56V
3006,DEL LIBERTADOR GENERAL BERNARDO O'HIGGINS,RANCAGUA,RANCAGUA,LICEO INDUSTRIAL ERNESTO PINTO LAGARRIGUE,94V
3006,DEL LIBERTADOR GENERAL BERNARDO O'HIGGINS,RANCAGUA,RANCAGUA,LICEO INDUSTRIAL PRESIDENTE PEDRO AGUIRRE CERDA,108V
3006,DEL LIBERTADOR GENERAL BERNARDO O'HIGGINS,RANCAGUA,RANCAGUA,COLEGIO LIBERTADOR SIMON BOLIVAR,137V
3006,DEL LIBERTADOR GENERAL BERNARDO O'HIGGINS,RANCAGUA,RANCAGUA,COLEGIO AURORA DE CHILE,200V
3006,DEL LIBERTADOR GENERAL BERNARDO O'HIGGINS,RANCAGUA,RANCAGUA ORIENTE,ESCUELA BERNARDO O'HIGGINS,10M
3006,DEL LIBERTADOR GENERAL BERNARDO O'HIGGINS,RANCAGUA,RANCAGUA ORIENTE,ESCUELA BERNARDO O'HIGGINS,21M
3006,DEL LIBERTADOR GENERAL BERNARDO O'HIGGINS,RANCAGUA,RANCAGUA ORIENTE,COLEGIO SANTA FILOMENA,47
3006,DEL LIBERTADOR GENERAL BERNARDO O'HIGGINS,RANCAGUA,RANCAGUA ORIENTE,COLEGIO SANTA FILOMENA,48
3006,DEL LIBERTADOR GENERAL BERNARDO O'HIGGINS,RANCAGUA,RANCAGUA ORIENTE,COLEGIO SANTA FILOMENA,49
3006,DEL LIBERTADOR GENERAL BERNARDO O'HIGGINS,RANCAGUA,RANCAGUA ORIENTE,COLEGIO SANTA FILOMENA,59
3006,DEL LIBERTADOR GENERAL BERNARDO O'HIGGINS,RANCAGUA,RANCAGUA ORIENTE,COLEGIO SANTA FILOMENA,61
3006,DEL LIBERTADOR GENERAL BERNARDO O'HIGGINS,RENGO,RENGO,COLEGIO LA PAZ,4M
3006,DEL LIBERTADOR GENERAL BERNARDO O'HIGGINS,RENGO,RENGO,LICEO INDUSTRIAL DE RENGO,51M
3006,DEL LIBERTADOR GENERAL BERNARDO O'HIGGINS,RENGO,RENGO,LICEO LUIS URBINA FLORES,7V
3006,DEL LIBERTADOR GENERAL BERNARDO O'HIGGINS,RENGO,RENGO,COLEGIO EL NARANJAL,29V
3006,DEL LIBERTADOR GENERAL BERNARDO O'HIGGINS,RENGO,RENGO,LICEO ORIENTE,38V
3006,DEL LIBERTADOR GENERAL BERNARDO O'HIGGINS,RENGO,RENGO,COLEGIO CARLOS CONDELL DE LA HAZA,71
3006,DEL LIBERTADOR GENERAL BERNARDO O'HIGGINS,RENGO,RENGO,ESCUELA VICENTE HUIDOBRO,74
3006,DEL LIBERTADOR GENERAL BERNARDO O'HIGGINS,RENGO,ROSARIO,COLEGIO MANUEL FRANCISCO CORREA,3M
3006,DEL LIBERTADOR GENERAL BERNARDO O'HIGGINS,REQUINOA,LOS LIRIOS,ESCUELA REPUBLICA DE FRANCIA,5
3006,DEL LIBERTADOR GENERAL BERNARDO O'HIGGINS,REQUINOA,REQUINOA,LICEO REQUINOA,5V
3006,DEL LIBERTADOR GENERAL BERNARDO O'HIGGINS,REQUINOA,REQUINOA,LICEO REQUINOA,11V
3006,DEL LIBERTADOR GENERAL BERNARDO O'HIGGINS,REQUINOA,REQUINOA,GIMNASIO REQUINOA,34
3006,DEL LIBERTADOR GENERAL BERNARDO O'HIGGINS,SAN FERNANDO,PUENTE NEGRO,ESCUELA CONCENTRACION RURAL SERGIO VERDUGO HERRERA,1M
3006,DEL LIBERTADOR GENERAL BERNARDO O'HIGGINS,SAN FERNANDO,PUENTE NEGRO,ESCUELA CONCENTRACION RURAL SERGIO VERDUGO HERRERA,4
3006,DEL LIBERTADOR GENERAL BERNARDO O'HIGGINS,SAN FERNANDO,SAN FERNANDO,INSTITUTO COMERCIAL ALBERTO VALENZUELA LLANOS,13M
3006,DEL LIBERTADOR GENERAL BERNARDO O'HIGGINS,SAN FERNANDO,SAN FERNANDO,INSTITUTO COMERCIAL ALBERTO VALENZUELA LLANOS,16M
3006,DEL LIBERTADOR GENERAL BERNARDO O'HIGGINS,SAN FERNANDO,SAN FERNANDO,ESCUELA BASICA ISABEL LA CATOLICA,76M
3006,DEL LIBERTADOR GENERAL BERNARDO O'HIGGINS,SAN FERNANDO,SAN FERNANDO,ESCUELA BASICA ISABEL LA CATOLICA,77M
3006,DEL LIBERTADOR GENERAL BERNARDO O'HIGGINS,SAN FERNANDO,SAN FERNANDO,LICEO DE HOMBRES NEANDRO SCHILLING,12V
3006,DEL LIBERTADOR GENERAL BERNARDO O'HIGGINS,SAN VICENTE,SAN VICENTE,ESCUELA CARMEN GALLEGOS DE ROBLES,19M
3006,DEL LIBERTADOR GENERAL BERNARDO O'HIGGINS,SAN VICENTE,SAN VICENTE,LICEO IGNACIO CARRERA PINTO,18V
3006,DEL LIBERTADOR GENERAL BERNARDO O'HIGGINS,SANTA CRUZ,SANTA CRUZ,LICEO MUNICIPAL DE SANTA CRUZ,15M
3006,DEL LIBERTADOR GENERAL BERNARDO O'HIGGINS,SANTA CRUZ,SANTA CRUZ,LICEO MUNICIPAL DE SANTA CRUZ,19M
3006,DEL LIBERTADOR GENERAL BERNARDO O'HIGGINS,SANTA CRUZ,SANTA CRUZ,ESCUELA MUNICIPAL DE SANTA CRUZ,12V
3006,DEL LIBERTADOR GENERAL BERNARDO O'HIGGINS,SANTA CRUZ,SANTA CRUZ,ESCUELA MUNICIPAL DE SANTA CRUZ,19V
3006,DEL LIBERTADOR GENERAL BERNARDO O'HIGGINS,SANTA CRUZ,SANTA CRUZ,ESCUELA MUNICIPAL DE PANIAHUE,43
3006,DEL LIBERTADOR GENERAL BERNARDO O'HIGGINS,SANTA CRUZ,SANTA CRUZ,ESCUELA MUNICIPAL DE PANIAHUE,45
3007,DEL MAULE,CAUQUENES,CAUQUENES,LICEO ANTONIO VARAS,2V
3007,DEL MAULE,CAUQUENES,CAUQUENES,LICEO ANTONIO VARAS,21V
3007,DEL MAULE,COLBUN,COLBUN,LICEO CAPITAN IGNACIO CARRERA PINTO,9V
3007,DEL MAULE,COLBUN,COLBUN,GIMNASIO MUNICIPAL,21V
3007,DEL MAULE,CONSTITUCION,CONSTITUCION,ESCUELA ENRIQUE DONN MULLER,9M
3007,DEL MAULE,CONSTITUCION,CONSTITUCION,INSTITUTO POLITECNICO SUPERIOR EGIDIO ROZ,35M
3007,DEL MAULE,CONSTITUCION,CONSTITUCION,LICEO CONSTITUCION,11V
3007,DEL MAULE,CURICO,CURICO,LICEO ZAPALLAR,145
3007,DEL MAULE,CURICO,CURICO,ESCUELA REPUBLICA ORIENTAL DEL URUGUAY,176
3007,DEL MAULE,CURICO,LOS NICHES,ESCUELA REPUBLICA ESTADOS UNIDOS,6
3007,DEL MAULE,CURICO,LOS NICHES,ESCUELA DIEGO PORTALES P.,27
3007,DEL MAULE,EMPEDRADO,EMPEDRADO,LICEO SAN IGNACIO,1M
3007,DEL MAULE,EMPEDRADO,EMPEDRADO,LICEO SAN IGNACIO,5V
3007,DEL MAULE,EMPEDRADO,EMPEDRADO,LICEO SAN IGNACIO,8V-9
3007,DEL MAULE,HUALAÑE,HUALAÑE,LICEO HUALANE,1V
3007,DEL MAULE,HUALAÑE,HUALAÑE,LICEO HUALANE,11V
3007,DEL MAULE,LINARES,LINARES,LICEO POLITECNICO DE LINARES,50M
3007,DEL MAULE,LINARES,LINARES,LICEO POLITECNICO DE LINARES,55M
3007,DEL MAULE,LINARES,LINARES,LICEO VALENTIN LETELIER,13V
3007,DEL MAULE,LINARES,LINARES,LICEO VALENTIN LETELIER,17V
3007,DEL MAULE,LINARES,LINARES,ESCUELA ALEJANDRO GIDI,34V
3007,DEL MAULE,LINARES,LINARES,COLEGIO MARGOT LOYOLA PALACIOS,82V
3007,DEL MAULE,LINARES,LINARES,ESCUELA RAMON BELMAR SALDIAS,124
3007,DEL MAULE,LINARES,LINARES,ESCUELA RAMON BELMAR SALDIAS,127
3007,DEL MAULE,LONGAVI,LONGAVI,LICEO ARTURO ALESSANDRI PALMA,15V
3007,DEL MAULE,LONGAVI,LONGAVI,COLEGIO ABATE MOLINA,30V
3007,DEL MAULE,MAULE,DUAO,ESCUELA RURAL DUAO,1
3007,DEL MAULE,MAULE,DUAO,ESCUELA RURAL DUAO,3
3007,DEL MAULE,MAULE,DUAO,ESCUELA RURAL DUAO,10
3007,DEL MAULE,MAULE,MAULE,ESCUELA MAULE,12V
3007,DEL MAULE,MOLINA,MOLINA,LICEO POLIVALENTE DE MOLINA,12M
3007,DEL MAULE,MOLINA,MOLINA,ESCUELA REINO DE DINAMARCA,35M
3007,DEL MAULE,MOLINA,MOLINA,ESCUELA SUPERIOR DE NINAS DE MOLINA,11V
3007,DEL MAULE,MOLINA,MOLINA,LICEO BICENTENARIO DE MOLINA MARIA DEL TRANSITO DE LA CRUZ,18V
3007,DEL MAULE,MOLINA,MOLINA,LICEO BICENTENARIO DE MOLINA MARIA DEL TRANSITO DE LA CRUZ,36V
3007,DEL MAULE,MOLINA,TRES ESQUINAS,ESCUELA INTERNADO LAS PALMAS TRES ESQUINAS,5
3007,DEL MAULE,PARRAL,CATILLO,COLEGIO ALBERTO MOLINA CASTILLO,2M
3007,DEL MAULE,PELLUHUE,PELLUHUE,ESCUELA  GLADYS CANALES PAREDES,10M
3007,DEL MAULE,PENCAHUE,PENCAHUE,COMPLEJO EDUCACIONAL PENCAHUE,11M
3007,DEL MAULE,PENCAHUE,PENCAHUE,COMPLEJO EDUCACIONAL PENCAHUE,2V
3007,DEL MAULE,PENCAHUE,PENCAHUE,COMPLEJO EDUCACIONAL PENCAHUE,5V
3007,DEL MAULE,RAUCO,RAUCO,ESCUELA RAUCO,11M
3007,DEL MAULE,ROMERAL,ROMERAL,LICEO ARTURO ALESSANDRI PALMA,22
3007,DEL MAULE,SAGRADA FAMILIA,SAGRADA FAMILIA,ESCUELA DE EDUCACION GENERAL BASICA MONSENOR ENRIQUE CORNEJO,16M
3007,DEL MAULE,SAGRADA FAMILIA,SAGRADA FAMILIA,LICEO POLIVALENTE SAGRADA FAMILIA,12V
3007,DEL MAULE,SAGRADA FAMILIA,VILLA PRAT,ESCUELA VILLA PRAT,6
3007,DEL MAULE,SAN CLEMENTE,SAN CLEMENTE,LICEO SAN CLEMENTE ENTRE RIOS,9M
3007,DEL MAULE,SAN CLEMENTE,SAN CLEMENTE,ESCUELA ARTURO PRAT CHACON,28M
3007,DEL MAULE,SAN CLEMENTE,SAN CLEMENTE,ESCUELA ARTURO PRAT CHACON,29M
3007,DEL MAULE,SAN CLEMENTE,SAN CLEMENTE,COLEGIO CLEMENTINOS,34M
3007,DEL MAULE,SAN CLEMENTE,SAN CLEMENTE,COLEGIO CLEMENTINOS,35M
3007,DEL MAULE,SAN CLEMENTE,SAN CLEMENTE,ESCUELA SAN CLEMENTE,1V
3007,DEL MAULE,SAN CLEMENTE,SAN CLEMENTE,ESCUELA SAN CLEMENTE,3V
3007,DEL MAULE,SAN CLEMENTE,SAN CLEMENTE,ESCUELA SAN CLEMENTE,19V
3007,DEL MAULE,SAN CLEMENTE,SAN CLEMENTE,ESCUELA PASO INTERNACIONAL PEHUENCHE,61
3007,DEL MAULE,SAN JAVIER,SAN JAVIER,ESCUELA GERONIMO LAGOS LISBOA,57
3007,DEL MAULE,TALCA,TALCA,ESCUELA PROSPERIDAD,19M
3007,DEL MAULE,TALCA,TALCA,LICEO DIEGO PORTALES,46M
3007,DEL MAULE,TALCA,TALCA,LICEO DIEGO PORTALES,52M
3007,DEL MAULE,TALCA,TALCA,LICEO DIEGO PORTALES,61M
3007,DEL MAULE,TALCA,TALCA,ESCUELA CARLOS SPANO,80M
3007,DEL MAULE,TALCA,TALCA,UNIVERSIDAD AUTONOMA DE CHILE,106M
3007,DEL MAULE,TALCA,TALCA,LICEO ABATE MOLINA,171M
3007,DEL MAULE,TALCA,TALCA,LICEO TECNICO AMELIA COURBIS,22V
3007,DEL MAULE,TALCA,TALCA,LICEO HECTOR PEREZ BIOTT,33V
3007,DEL MAULE,TALCA,TALCA,LICEO HECTOR PEREZ BIOTT,35V
3007,DEL MAULE,TALCA,TALCA,ESCUELA ESPERANZA,103V
3007,DEL MAULE,TALCA,TALCA,LICEO DE CULTURA Y DIFUSION ARTISTICA,129V
3007,DEL MAULE,TALCA,TALCA,INSTITUTO SUPERIOR DE COMERCIO ENRIQUE MALDONADO ,218
3007,DEL MAULE,TALCA,TALCA,ESCUELA VILLA CULENAR,238
3007,DEL MAULE,TALCA,TALCA,ESCUELA JOSE M. BALMACEDA Y FERNANDEZ,290
3007,DEL MAULE,TALCA,TALCA,ESCUELA JOSE M. BALMACEDA Y FERNANDEZ,299
3007,DEL MAULE,TALCA,TALCA,ESCUELA JOSE M. BALMACEDA Y FERNANDEZ,306
3007,DEL MAULE,VICHUQUEN,VICHUQUEN,LICEO NUEVO HORIZONTE,3V
3007,DEL MAULE,VILLA ALEGRE,VILLA ALEGRE,ESCUELA TIMOTEO ARAYA ALEGRIA,17M
3007,DEL MAULE,VILLA ALEGRE,VILLA ALEGRE,LICEO FRANCISCO ANTONIO ENCINA ARMANET,6V
3007,DEL MAULE,YERBAS BUENAS,YERBAS BUENAS,ESCUELA AGRICOLA MARTA MARTINEZ CRUZ,2V
3007,DEL MAULE,YERBAS BUENAS,YERBAS BUENAS,ANEXO LICEO JUAN DE DIOS PUGA,12V
3007,DEL MAULE,YERBAS BUENAS,YERBAS BUENAS,ANEXO LICEO JUAN DE DIOS PUGA,16V
3007,DEL MAULE,YERBAS BUENAS,YERBAS BUENAS,ANEXO LICEO JUAN DE DIOS PUGA,19V
3007,DEL MAULE,YERBAS BUENAS,YERBAS BUENAS,ANEXO LICEO JUAN DE DIOS PUGA,20V
3016,DE ÑUBLE,BULNES,BULNES,COLEGIO SAN ESTEBAN DE BULNES - ANEXO BASICA,4M
3016,DE ÑUBLE,BULNES,BULNES,LICEO SANTA CRUZ DE LARQUI,6M
3016,DE ÑUBLE,BULNES,BULNES,LICEO SANTA CRUZ DE LARQUI,20M
3016,DE ÑUBLE,BULNES,BULNES,LICEO MANUEL BULNES,8V
3016,DE ÑUBLE,BULNES,BULNES,LICEO MANUEL BULNES,20V
3016,DE ÑUBLE,BULNES,BULNES,COLEGIO SAN ESTEBAN DE BULNES - ANEXO BASICA,24V
3016,DE ÑUBLE,BULNES,SANTA CLARA,ESCUELA EL PALPAL DE SANTA CLARA,3V
3016,DE ÑUBLE,CHILLAN,CHILLAN,LICEO NARCISO TONDREAU - SECTOR MEDIA,9M
3016,DE ÑUBLE,CHILLAN,CHILLAN,COLEGIO SAN VICENTE DE PAUL,37M
3016,DE ÑUBLE,CHILLAN,CHILLAN,COLEGIO SAN VICENTE DE PAUL,44M
3016,DE ÑUBLE,CHILLAN,CHILLAN,COLEGIO SAN BUENAVENTURA,59M
3016,DE ÑUBLE,CHILLAN,CHILLAN,COLEGIO SAN BUENAVENTURA,65M
3016,DE ÑUBLE,CHILLAN,CHILLAN,COLEGIO DE LA PURISIMA CONCEPCION,67M
3016,DE ÑUBLE,CHILLAN,CHILLAN,COLEGIO DE LA PURISIMA CONCEPCION,72M
3016,DE ÑUBLE,CHILLAN,CHILLAN,ESCUELA REPUBLICA DE MEXICO,96M
3016,DE ÑUBLE,CHILLAN,CHILLAN,ESCUELA REPUBLICA DE MEXICO,98M
3016,DE ÑUBLE,CHILLAN,CHILLAN,INSTITUTO SANTA MARIA,114M
3016,DE ÑUBLE,CHILLAN,CHILLAN,COLEGIO CREACION CHILLAN,163M
3016,DE ÑUBLE,CHILLAN,CHILLAN,COLEGIO SEMINARIO PADRE ALBERTO HURTADO,171M
3016,DE ÑUBLE,CHILLAN,CHILLAN,INSTITUTO INDUSTRIAL SUPERIOR DE CHILLAN,32V
3016,DE ÑUBLE,CHILLAN,CHILLAN,INSTITUTO INDUSTRIAL SUPERIOR DE CHILLAN,36V
3016,DE ÑUBLE,CHILLAN,CHILLAN,LICEO MARTIN RUIZ DE GAMBOA,65V
3016,DE ÑUBLE,CHILLAN,CHILLAN,COLEGIO POLIVALENTE PADRE ALBERTO HURTADO,79V
3016,DE ÑUBLE,CHILLAN,CHILLAN,COLEGIO POLIVALENTE PADRE ALBERTO HURTADO,81V
3016,DE ÑUBLE,CHILLAN,CHILLAN,COLEGIO POLIVALENTE PADRE ALBERTO HURTADO,87V
3016,DE ÑUBLE,CHILLAN,CHILLAN,COLEGIO CONCEPCION DE CHILLAN ,91V
3016,DE ÑUBLE,CHILLAN,CHILLAN,ESCUELA BASICA JUAN MADRID AZOLAS,141V
3016,DE ÑUBLE,CHILLAN,CHILLAN,ESCUELA BASICA ROSITA O'HIGGINS RIQUELME,149V
3016,DE ÑUBLE,CHILLAN,CHILLAN,ESCUELA BASICA ROSITA O'HIGGINS RIQUELME,156V
3016,DE ÑUBLE,CHILLAN,CHILLAN,ESCUELA BASICA REYES DE ESPAÑA,161V
3016,DE ÑUBLE,CHILLAN,CHILLAN,DEUTSCHE SCHULE CHILLAN,241
3016,DE ÑUBLE,CHILLAN VIEJO,CHILLAN VIEJO,COLEGIO DARIO SALAS,4M
3016,DE ÑUBLE,CHILLAN VIEJO,CHILLAN VIEJO,COLEGIO DARIO SALAS,16M
3016,DE ÑUBLE,CHILLAN VIEJO,CHILLAN VIEJO,COLEGIO DARIO SALAS,19M
3016,DE ÑUBLE,CHILLAN VIEJO,CHILLAN VIEJO,COLEGIO DARIO SALAS,20M
3016,DE ÑUBLE,CHILLAN VIEJO,CHILLAN VIEJO,COLEGIO DARIO SALAS,23M
3016,DE ÑUBLE,CHILLAN VIEJO,CHILLAN VIEJO,LICEO TOMAS LAGO,37
3016,DE ÑUBLE,COBQUECURA,BUCHUPUREO,ESCUELA BASICA BUCHUPUREO,2
3016,DE ÑUBLE,COELEMU,COELEMU,LICEO DOMINGO ORTIZ DE ROZAS,19V
3016,DE ÑUBLE,EL CARMEN,EL CARMEN,LICEO POLIVALENTE JUVENAL HERNANDEZ JAQUE,12M
3016,DE ÑUBLE,EL CARMEN,EL CARMEN,LICEO POLIVALENTE JUVENAL HERNANDEZ JAQUE,15M
3016,DE ÑUBLE,EL CARMEN,EL CARMEN,ESCUELA VIRGEN DEL CARMEN,7V
3016,DE ÑUBLE,NINHUE,NINHUE,ESCUELA GLORIAS NAVALES,1M
3016,DE ÑUBLE,PEMUCO,PEMUCO,LICEO POLIVALENTE TOMAS ARNALDO HERRERA VEGA,7V
3016,DE ÑUBLE,PINTO,PINTO,COLEGIO FRANCISCO DE ASIS,2V
3016,DE ÑUBLE,PINTO,PINTO,COLEGIO FRANCISCO DE ASIS,9V
3016,DE ÑUBLE,PINTO,PINTO,COLEGIO FRANCISCO DE ASIS,11V
3016,DE ÑUBLE,QUILLON,CERRO NEGRO,ESCUELA BASICA EL CASINO,2V
3016,DE ÑUBLE,QUILLON,QUILLON,ESCUELA BASICA HEROES DEL ITATA,9M
3016,DE ÑUBLE,QUILLON,QUILLON,ESCUELA BASICA HEROES DEL ITATA,16M
3016,DE ÑUBLE,QUILLON,QUILLON,ESCUELA BASICA HEROES DEL ITATA,17M
3016,DE ÑUBLE,QUIRIHUE,QUIRIHUE,LICEO BICENTENARIO POLIVALENTE CARLOS MONTANE CASTRO,17V
3016,DE ÑUBLE,QUIRIHUE,QUIRIHUE,LICEO BICENTENARIO POLIVALENTE CARLOS MONTANE CASTRO,20V
3016,DE ÑUBLE,RANQUIL,RANQUIL (ÑIPAS),ESCUELA BASICA ÑIPAS,2M
3016,DE ÑUBLE,SAN CARLOS,CACHAPOAL,ESCUELA CACHAPOAL,5V
3016,DE ÑUBLE,SAN CARLOS,SAN CARLOS,LICEO POLITECNICO CAPITAN IGNACIO CARRERA PINTO,14M
3016,DE ÑUBLE,SAN CARLOS,SAN CARLOS,COLEGIO SAGRADO CORAZON DE JESUS,33M
3016,DE ÑUBLE,SAN CARLOS,SAN CARLOS,COLEGIO SAGRADO CORAZON DE JESUS,41M
3016,DE ÑUBLE,SAN CARLOS,SAN CARLOS,ESCUELA GENERAL JOSE MIGUEL CARRERA VERDUGO,57M
3016,DE ÑUBLE,SAN CARLOS,SAN CARLOS,LICEO POLIVALENTE NUESTRA SEÑORA DE LA MERCED,15V
3016,DE ÑUBLE,SAN CARLOS,SAN CARLOS,LICEO POLIVALENTE NUESTRA SEÑORA DE LA MERCED,17V
3016,DE ÑUBLE,SAN NICOLAS,SAN NICOLAS,"LICEO BICENTENARIO DE EXCELENCIA POLIVALENTE SAN NICOLAS, CAMPUS SERGIO MARTIN ALAMOS",1M
3016,DE ÑUBLE,SAN NICOLAS,SAN NICOLAS,"LICEO BICENTENARIO DE EXCELENCIA POLIVALENTE SAN NICOLAS, CAMPUS SERGIO MARTIN ALAMOS",2M
3016,DE ÑUBLE,YUNGAY,YUNGAY,ESCUELA FERNANDO BAQUEDANO,14V
3008,DEL BIOBIO,ALTO BIOBIO,ALTO BIOBIO,ESCUELA DE CONCENTRACION FRONTERIZA RALCO ALTO BIOBIO,4M
3008,DEL BIOBIO,ALTO BIOBIO,ALTO BIOBIO,ESCUELA DE CONCENTRACION FRONTERIZA RALCO ALTO BIOBIO,1V-10
3008,DEL BIOBIO,ALTO BIOBIO,ALTO BIOBIO,ESCUELA DE CONCENTRACION FRONTERIZA RALCO ALTO BIOBIO,6V
3008,DEL BIOBIO,ALTO BIOBIO,CAUÑICU,ESCUELA PARTICULAR CAUÑICU,5
3008,DEL BIOBIO,ANTUCO,ANTUCO,LICEO  DOCTOR VICTOR RIOS RUIZ,2V
3008,DEL BIOBIO,CAÑETE,CAÑETE,LICEO HUMANISTA CIENTIFICO JOSE DE LA CRUZ MIRANDA CORREA,26V
3008,DEL BIOBIO,CONCEPCION,ANDALIEN,COLEGIO MARINA DE CHILE,26M
3008,DEL BIOBIO,CONCEPCION,ANDALIEN,ESCUELA ESTHER HUNNEUS DE CLARO,49M
3008,DEL BIOBIO,CONCEPCION,ANDALIEN,LICEO REBECA MATTE BELLO,57M
3008,DEL BIOBIO,CONCEPCION,ANDALIEN,ESCUELA DIEGO PORTALES PALAZUELOS,8V
3008,DEL BIOBIO,CONCEPCION,ANDALIEN,COLEGIO SANTA EUFRASIA,25V
3008,DEL BIOBIO,CONCEPCION,ANDALIEN,COLEGIO SANTA EUFRASIA,32V
3008,DEL BIOBIO,CONCEPCION,ANDALIEN,COLEGIO SANTA EUFRASIA,35V
3008,DEL BIOBIO,CONCEPCION,ANDALIEN,LICEO DE ADULTOS JOSE MANUEL BALMACEDA FERNANDEZ,44V
3008,DEL BIOBIO,CONCEPCION,ANDALIEN,COLEGIO TECNICO PROFESIONAL LOS ACACIOS,59V
3008,DEL BIOBIO,CONCEPCION,CONCEPCION CENTRO,LICEO JUAN GREGORIO LAS HERAS,47M
3008,DEL BIOBIO,CONCEPCION,CONCEPCION CENTRO,COLEGIO BICENTENARIO REPUBLICA DEL BRASIL,78M
3008,DEL BIOBIO,CONCEPCION,CONCEPCION CENTRO,LICEO SAN AGUSTIN DE CONCEPCION,181M
3008,DEL BIOBIO,CONCEPCION,CONCEPCION CENTRO,LICEO COMERCIAL FEMENINO DE CONCEPCION,84V
3008,DEL BIOBIO,CONCEPCION,CONCEPCION CENTRO,LICEO DOMINGO SANTA MARIA,122V
3008,DEL BIOBIO,CONCEPCION,CONCEPCION CENTRO,LICEO REPUBLICA DE ISRAEL,150V
3008,DEL BIOBIO,CONCEPCION,CONCEPCION CENTRO,LICEO INDUSTRIAL DE CONCEPCION,162V
3008,DEL BIOBIO,CORONEL,CORONEL,ESCUELA RAFAEL SOTOMAYOR BAEZA,26M
3008,DEL BIOBIO,CORONEL,CORONEL,ESCUELA RAFAEL SOTOMAYOR BAEZA,37M
3008,DEL BIOBIO,CORONEL,CORONEL,ESCUELA BASICA PLAYAS NEGRAS,60M
3008,DEL BIOBIO,CORONEL,CORONEL,LICEO COMERCIAL ANDRES BELLO LOPEZ,78V
3008,DEL BIOBIO,CORONEL,LAGUNILLAS,ESCUELA ARTURO HUGHES CERNA,2M
3008,DEL BIOBIO,CORONEL,LAGUNILLAS,ESCUELA ARTURO HUGHES CERNA,10
3008,DEL BIOBIO,CORONEL,LAGUNILLAS,LICEO BICENTENARIO DE CORONEL,13
3008,DEL BIOBIO,CORONEL,LAGUNILLAS,LICEO BICENTENARIO DE CORONEL,19
3008,DEL BIOBIO,CORONEL,LAGUNILLAS,LICEO BICENTENARIO DE CORONEL,26
3008,DEL BIOBIO,CORONEL,LAGUNILLAS,INSTITUTO DE HUMANIDADES ANTONIO MORENO CASAMITJANA,39
3008,DEL BIOBIO,CORONEL,LAGUNILLAS,AMERICAN JUNIOR COLLEGE,53
3008,DEL BIOBIO,CURANILAHUE,CURANILAHUE,ESCUELA PABLO NERUDA,7M
3008,DEL BIOBIO,CURANILAHUE,CURANILAHUE,LICEO POLIVALENTE MARIANO LATORRE,31M
3008,DEL BIOBIO,CURANILAHUE,CURANILAHUE,LICEO POLIVALENTE MARIANO LATORRE,5V
3008,DEL BIOBIO,HUALPEN,HUALPEN,COLEGIO DE LOS SAGRADOS CORAZONES,98M
3008,DEL BIOBIO,HUALPEN,HUALPEN,ESCUELA THOMAS JEFFERSON D 465,18V
3008,DEL BIOBIO,HUALPEN,HUALPEN,ESCUELA REPUBLICA DEL PERU,68V
3008,DEL BIOBIO,HUALQUI,HUALQUI,ESCUELA BASICA LOS LIBERTADORES,17M
3008,DEL BIOBIO,HUALQUI,HUALQUI,ESCUELA MANUEL AMAT Y JUNIET,10V
3008,DEL BIOBIO,HUALQUI,HUALQUI,LICEO SAN JUAN BAUTISTA DE HUALQUI,23V
3008,DEL BIOBIO,LAJA,LA LAJA,LICEO POLITECNICO HEROES DE LA CONCEPCION,10V
3008,DEL BIOBIO,LEBU,LEBU,LICEO POLIVALENTE DOCTOR RIGOBERTO IGLESIAS BASTIAS DE LEBU,23V
3008,DEL BIOBIO,LEBU,LEBU,LICEO POLIVALENTE DOCTOR RIGOBERTO IGLESIAS BASTIAS DE LEBU,28V
3008,DEL BIOBIO,LEBU,LEBU,LICEO POLIVALENTE DOCTOR RIGOBERTO IGLESIAS BASTIAS DE LEBU,33
3008,DEL BIOBIO,LEBU,PEHUEN,ESCUELA PEHUEN,1
3008,DEL BIOBIO,LOS ALAMOS,LOS ALAMOS,LICEO POLITECNICO CAUPOLICAN,2M
3008,DEL BIOBIO,LOS ALAMOS,LOS ALAMOS,LICEO POLITECNICO CAUPOLICAN,6M
3008,DEL BIOBIO,LOS ALAMOS,LOS ALAMOS,LICEO POLITECNICO CAUPOLICAN,7M
3008,DEL BIOBIO,LOS ALAMOS,LOS ALAMOS,ESCUELA FELIX EYHERAMENDY,8V
3008,DEL BIOBIO,LOS ALAMOS,LOS ALAMOS,ESCUELA FELIX EYHERAMENDY,14V
3008,DEL BIOBIO,LOS ANGELES,LOS ANGELES,LICEO COEDUCACIONAL SANTA MARIA DE LOS ANGELES,6M
3008,DEL BIOBIO,LOS ANGELES,LOS ANGELES,LICEO COEDUCACIONAL SANTA MARIA DE LOS ANGELES,10M
3008,DEL BIOBIO,LOS ANGELES,LOS ANGELES,LICEO COEDUCACIONAL SANTA MARIA DE LOS ANGELES,13M
3008,DEL BIOBIO,LOS ANGELES,LOS ANGELES,ESCUELA ESPAÑA,27M
3008,DEL BIOBIO,LOS ANGELES,LOS ANGELES,ESCUELA GENERAL JOSE DE SAN MARTIN,50M
3008,DEL BIOBIO,LOS ANGELES,LOS ANGELES,LICEO PARTICULAR CARLOS CONDELL,87M
3008,DEL BIOBIO,LOS ANGELES,LOS ANGELES,ESCUELA ISLA DE LAJA,114M
3008,DEL BIOBIO,LOS ANGELES,LOS ANGELES,LICEO ALEMAN DEL VERBO DIVINO LOCAL 2,157M
3008,DEL BIOBIO,LOS ANGELES,LOS ANGELES,LICEO LOS ANGELES A-59,17V
3008,DEL BIOBIO,LOS ANGELES,LOS ANGELES,ESCUELA JOSE MANSO DE VELASCO,51V
3008,DEL BIOBIO,LOS ANGELES,LOS ANGELES,LICEO INDUSTRIAL SAMUEL VIVANCO PARADA,70V
3008,DEL BIOBIO,LOS ANGELES,LOS ANGELES,LICEO INDUSTRIAL SAMUEL VIVANCO PARADA,72V
3008,DEL BIOBIO,LOS ANGELES,LOS ANGELES,LICEO INDUSTRIAL SAMUEL VIVANCO PARADA,79V
3008,DEL BIOBIO,LOS ANGELES,LOS ANGELES,LICEO INDUSTRIAL SAMUEL VIVANCO PARADA,82V
3008,DEL BIOBIO,LOS ANGELES,LOS ANGELES,LICEO INDUSTRIAL SAMUEL VIVANCO PARADA,87V
3008,DEL BIOBIO,LOS ANGELES,LOS ANGELES,LICEO INDUSTRIAL SAMUEL VIVANCO PARADA,91V
3008,DEL BIOBIO,LOS ANGELES,LOS ANGELES,ESCUELA BASICA 11 DE SEPTIEMBRE,141V
3008,DEL BIOBIO,LOS ANGELES,LOS ANGELES,COLEGIO DON ORIONE,220
3008,DEL BIOBIO,LOS ANGELES,LOS ANGELES,COLEGIO SAN GABRIEL ARCANGEL,225
3008,DEL BIOBIO,LOS ANGELES,LOS ANGELES,COLEGIO SAN GABRIEL ARCANGEL,229
3008,DEL BIOBIO,LOS ANGELES,PAILLIHUE,COLEGIO MARIA INMACULADA DE LOS ANGELES,34
3008,DEL BIOBIO,LOTA,LOTA,ESCUELA BASICA SANTA MARIA DE GUADALUPE,1M
3008,DEL BIOBIO,LOTA,LOTA,ESCUELA BASICA SANTA MARIA DE GUADALUPE,5M
3008,DEL BIOBIO,LOTA,LOTA,ESCUELA BASICA SANTA MARIA DE GUADALUPE,12M
3008,DEL BIOBIO,LOTA,LOTA,COLEGIO ANGEL DE PEREDO,31M
3008,DEL BIOBIO,LOTA,LOTA,ESCUELA BASICA KONRAD ADENAUER,43M
3008,DEL BIOBIO,LOTA,LOTA,LICEO CARLOS COUSIÑO GOYENECHEA,25V
3008,DEL BIOBIO,LOTA,LOTA,LICEO CARLOS COUSIÑO GOYENECHEA,29V
3008,DEL BIOBIO,LOTA,LOTA,LICEO BALDOMERO LILLO FIGUEROA,44V
3008,DEL BIOBIO,LOTA,LOTA,INSTITUTO HUMANIDADES SAN FRANCISCO DE ASIS,55V
3008,DEL BIOBIO,NACIMIENTO,NACIMIENTO,ESCUELA EL SABER,24M
3008,DEL BIOBIO,NACIMIENTO,NACIMIENTO,ESCUELA EL SABER,1V
3008,DEL BIOBIO,NACIMIENTO,NACIMIENTO,ESCUELA OSCAR GUERRERO QUINSAC,14V
3008,DEL BIOBIO,NEGRETE,NEGRETE,LICEO POLIVALENTE LA FRONTERA,2V
3008,DEL BIOBIO,NEGRETE,NEGRETE,LICEO POLIVALENTE LA FRONTERA,14
3008,DEL BIOBIO,PENCO,PENCO,LICEO PENCOPOLITANO,37M
3008,DEL BIOBIO,PENCO,PENCO,ESCUELA REPUBLICA DE ITALIA,6V
3008,DEL BIOBIO,PENCO,PENCO,COLEGIO EL REFUGIO,43V
3008,DEL BIOBIO,QUILLECO,QUILLECO,LICEO FRANCISCO BASCUNAN GUERRERO,12V
3008,DEL BIOBIO,SAN PEDRO DE LA PAZ,LOMAS COLORADAS,COLEGIO FRATERNIDAD,28
3008,DEL BIOBIO,SAN PEDRO DE LA PAZ,SAN PEDRO DE LA PAZ,ESCUELA ENRIQUE SORO BARRIGA,26M
3008,DEL BIOBIO,SAN PEDRO DE LA PAZ,SAN PEDRO DE LA PAZ,LICEO MAURICIO HOCHSCHILD,58M
3008,DEL BIOBIO,SAN PEDRO DE LA PAZ,SAN PEDRO DE LA PAZ,COLEGIO CONCEPCION SAN PEDRO,118
3008,DEL BIOBIO,SAN PEDRO DE LA PAZ,SAN PEDRO DE LA PAZ,COLEGIO CONCEPCION LOS HUERTOS,151
3008,DEL BIOBIO,SANTA BARBARA,SANTA BARBARA,ESCUELA BASICA CACIQUE LEVIAN,11M
3008,DEL BIOBIO,SANTA BARBARA,SANTA BARBARA,LICEO CARDENAL ANTONIO SAMORE,18V
3008,DEL BIOBIO,SANTA JUANA,SANTA JUANA,ESCUELA RECAREDO VIGUERAS ARANEDA,12M
3008,DEL BIOBIO,SANTA JUANA,SANTA JUANA,ESCUELA RECAREDO VIGUERAS ARANEDA,16M
3008,DEL BIOBIO,TALCAHUANO,TALCAHUANO,LICEO LA ASUNCION,93M
3008,DEL BIOBIO,TALCAHUANO,TALCAHUANO,COLEGIO LOS CONDORES,117M
3008,DEL BIOBIO,TALCAHUANO,TALCAHUANO,LICEO COMERCIAL PROFESOR SERGIO MORAGA ARCIL,25V
3008,DEL BIOBIO,TALCAHUANO,TALCAHUANO,LICEO TECNICO,69V
3008,DEL BIOBIO,TALCAHUANO,TALCAHUANO,LICEO TECNICO,76V
3008,DEL BIOBIO,TOME,TOME,CENTRO EDUCACIONAL BICENTENARIO ALTOS DE TOME,10V
3008,DEL BIOBIO,TOME,TOME,LICEO INDUSTRIAL DE TOME,50V
3008,DEL BIOBIO,TOME,TOME,ESCUELA BASICA ARTURO PRAT,66V
3008,DEL BIOBIO,TUCAPEL,TRUPAN,ESCUELA ALEJANDRO PEREZ URBANO,2-3
3008,DEL BIOBIO,YUMBEL,YUMBEL,LICEO PADRE LUIS ALBERTO SALDES IRARRAZABAL,3M
3009,DE LA ARAUCANIA,ANGOL,ANGOL,LICEO BICENTENARIO ENRIQUE BALLACEY COTTEREAU,12V
3009,DE LA ARAUCANIA,ANGOL,ANGOL,ESCUELA DIEGO DUBLE URRUTIA,37V
3009,DE LA ARAUCANIA,CARAHUE,CARAHUE,ESCUELA BASICA KIM RUKA PABELLON B,23M
3009,DE LA ARAUCANIA,CARAHUE,TROVOLHUE,LICEO MUNICIPAL TROVOLHUE,4M
3009,DE LA ARAUCANIA,CHOLCHOL,CHOLCHOL,LICEO JAMES MUNDELL,9V
3009,DE LA ARAUCANIA,CURACAUTIN,CURACAUTIN,LICEO LAS ARAUCARIAS BASICA,6M
3009,DE LA ARAUCANIA,CURACAUTIN,MALALCAHUELLO,ESCUELA RAMON EDUARDO RAMIREZ HENRIQUEZ,2
3009,DE LA ARAUCANIA,CURARREHUE,CURARREHUE,COMPLEJO EDUCACIONAL MONSEÑOR FRANCISCO VALDES SUBERCASEAUX,3M
3009,DE LA ARAUCANIA,FREIRE,FREIRE,COLEGIO SANTA CRUZ DE FREIRE,16M
3009,DE LA ARAUCANIA,FREIRE,FREIRE,COLEGIO SANTA CRUZ DE FREIRE,23M
3009,DE LA ARAUCANIA,FREIRE,FREIRE,COMPLEJO EDUCACIONAL JUAN SCHLEYER,17V
3009,DE LA ARAUCANIA,FREIRE,FREIRE,ESCUELA JUAN SEGUEL ANEXO,21V
3009,DE LA ARAUCANIA,FREIRE,FREIRE,ESCUELA JUAN SEGUEL ANEXO,22V
3009,DE LA ARAUCANIA,FREIRE,QUEPE,ESCUELA RAIMAPU,3M
3009,DE LA ARAUCANIA,GALVARINO,GALVARINO,ESCUELA MUNICIPAL RIO QUILLEM,7M
3009,DE LA ARAUCANIA,GALVARINO,GALVARINO,ESCUELA MUNICIPAL GABRIELA MISTRAL,7V
3009,DE LA ARAUCANIA,GORBEA,GORBEA,ESCUELA BASICA CINCO,7M
3009,DE LA ARAUCANIA,LAUTARO,LAUTARO,ESCUELA PARTICULAR CORAZON DE JESUS,31V
3009,DE LA ARAUCANIA,LOS SAUCES,LOS SAUCES,ESCUELA GUSTAVO VASQUEZ DIAZ,7M
3009,DE LA ARAUCANIA,LUMACO,CAPITAN PASTENE,ESCUELA BASICA REPUBLICA DE ITALIA,5V
3009,DE LA ARAUCANIA,LUMACO,CAPITAN PASTENE,ESCUELA BASICA REPUBLICA DE ITALIA,6V
3009,DE LA ARAUCANIA,LUMACO,LUMACO,ESCUELA F-174 VALLE DE LUMACO,1M
3009,DE LA ARAUCANIA,LUMACO,LUMACO,ESCUELA F-174 VALLE DE LUMACO,4M
3009,DE LA ARAUCANIA,MELIPEUCO,MELIPEUCO,ESCUELA BASICA VOLCAN LLAIMA,6V
3009,DE LA ARAUCANIA,NUEVA IMPERIAL,NUEVA IMPERIAL,LICEO INDUSTRIAL DE NUEVA IMPERIAL,19M
3009,DE LA ARAUCANIA,NUEVA IMPERIAL,NUEVA IMPERIAL,ESCUELA ESPECIAL AVANCEMOS JUNTOS,37M
3009,DE LA ARAUCANIA,NUEVA IMPERIAL,NUEVA IMPERIAL,LICEO BICENTENARIO LUIS GONZALEZ VASQUEZ,13V
3009,DE LA ARAUCANIA,NUEVA IMPERIAL,NUEVA IMPERIAL,HOGAR MASCULINO LUIS GONZALEZ,30V
3009,DE LA ARAUCANIA,PADRE LAS CASAS,PADRE LAS CASAS,ESCUELA BASICA SAN SEBASTIAN DE MAQUEHUE,48V
3009,DE LA ARAUCANIA,PADRE LAS CASAS,PADRE LAS CASAS,COMPLEJO EDUCACIONAL PADRE LAS CASAS,61
3009,DE LA ARAUCANIA,PADRE LAS CASAS,PADRE LAS CASAS,POLIDEPORTIVO,97
3009,DE LA ARAUCANIA,PERQUENCO,PERQUENCO,ESCUELA EDUARDO FREI MONTALVA,1M
3009,DE LA ARAUCANIA,PERQUENCO,PERQUENCO,LICEO ISABEL POBLETE VARGAS,10V
3009,DE LA ARAUCANIA,PITRUFQUEN,PITRUFQUEN,LICEO DE CIENCIAS Y HUMANIDADES,21V
3009,DE LA ARAUCANIA,PUCON,PUCON,ESCUELA EL CLARO,13M
3009,DE LA ARAUCANIA,PUCON,PUCON,COMPLEJO EDUCACIONAL CARLOS HOLZAPFEL,3V
3009,DE LA ARAUCANIA,RENAICO,RENAICO,ESCUELA LA NOBEL GABRIELA,7M
3009,DE LA ARAUCANIA,RENAICO,RENAICO,ESCUELA LA NOBEL GABRIELA,9M
3009,DE LA ARAUCANIA,RENAICO,TIJERAL,ESCUELA BASICA LOS NOGALES,3
3009,DE LA ARAUCANIA,TEMUCO,CERRO ÑIELOL,ESCUELA MILLARAY,3M
3009,DE LA ARAUCANIA,TEMUCO,CERRO ÑIELOL,ESCUELA MILLARAY,12M
3009,DE LA ARAUCANIA,TEMUCO,CERRO ÑIELOL,ESCUELA MILLARAY,20M
3009,DE LA ARAUCANIA,TEMUCO,CERRO ÑIELOL,ESCUELA LLAIMA,31M
3009,DE LA ARAUCANIA,TEMUCO,CERRO ÑIELOL,LICEO BICENTENARIO DE TEMUCO,52M
3009,DE LA ARAUCANIA,TEMUCO,CERRO ÑIELOL,COLEGIO SCOLE CREARE,103M
3009,DE LA ARAUCANIA,TEMUCO,CERRO ÑIELOL,LICEO PABLO NERUDA ,62V
3009,DE LA ARAUCANIA,TEMUCO,CERRO ÑIELOL,COLEGIO BAUTISTA,162
3009,DE LA ARAUCANIA,TEMUCO,CERRO ÑIELOL,ESCUELA ARTISTICA ARMANDO DUFEY BLANC,171
3009,DE LA ARAUCANIA,TEMUCO,TEMUCO CENTRO,INSTITUTO CLARET,75M-128M
3009,DE LA ARAUCANIA,TEMUCO,TEMUCO CENTRO,INSTITUTO CLARET,76M
3009,DE LA ARAUCANIA,TEMUCO,TEMUCO CENTRO,INSTITUTO CLARET,80M
3009,DE LA ARAUCANIA,TEMUCO,TEMUCO CENTRO,INSTITUTO CLARET,87M
3009,DE LA ARAUCANIA,TEMUCO,TEMUCO CENTRO,ESCUELA PARTICULAR FRANCIA,107M
3009,DE LA ARAUCANIA,TEMUCO,TEMUCO CENTRO,COLEGIO PROVIDENCIA DEL SAGRADO CORAZON,30V-76V
3009,DE LA ARAUCANIA,TEMUCO,TEMUCO CENTRO,COLEGIO PROVIDENCIA DEL SAGRADO CORAZON,39V
3009,DE LA ARAUCANIA,TEMUCO,TEMUCO CENTRO,LICEO COMERCIAL TEMUCO BICENTENARIO DE EXCELENCIA  EX LOCAL COLEGIO SANTA CRUZ,67V
3009,DE LA ARAUCANIA,TEMUCO,TEMUCO CENTRO,LICEO COMERCIAL TEMUCO BICENTENARIO DE EXCELENCIA  EX LOCAL COLEGIO SANTA CRUZ,77V-89V
3009,DE LA ARAUCANIA,TEMUCO,TEMUCO SUR,COMPLEJO EDUCACIONAL UNION AMANECER,39
3009,DE LA ARAUCANIA,TEODORO SCHMIDT,HUALPIN,ESCUELA HORIZONTES,8V
3009,DE LA ARAUCANIA,TRAIGUEN,TRAIGUEN,ESCUELA REPUBLICA DE ISRAEL,13M
3009,DE LA ARAUCANIA,TRAIGUEN,TRAIGUEN,COLEGIO BICENTENARIO LOUIS PASTEUR,22M
3009,DE LA ARAUCANIA,VICTORIA,VICTORIA,LICEO JORGE ALESSANDRI RODRIGUEZ,4M
3009,DE LA ARAUCANIA,VICTORIA,VICTORIA,LICEO JORGE ALESSANDRI RODRIGUEZ,9M
3009,DE LA ARAUCANIA,VICTORIA,VICTORIA,LICEO JORGE ALESSANDRI RODRIGUEZ,18M
3009,DE LA ARAUCANIA,VILLARRICA,LICAN-RAY,ESCUELA EPU KLEI,5V
3009,DE LA ARAUCANIA,VILLARRICA,VILLARRICA,ESCUELA PARTICULAR SAGRADA FAMILIA,3M
3009,DE LA ARAUCANIA,VILLARRICA,VILLARRICA,ESCUELA PARTICULAR SAGRADA FAMILIA,5M
3009,DE LA ARAUCANIA,VILLARRICA,VILLARRICA,ESCUELA PARTICULAR SAGRADA FAMILIA,7M
3009,DE LA ARAUCANIA,VILLARRICA,VILLARRICA,LICEO BICENTENARIO ARTISTICO ALEXANDER GRAHAM BELL,13M
3009,DE LA ARAUCANIA,VILLARRICA,VILLARRICA,LICEO BICENTENARIO ARTISTICO ALEXANDER GRAHAM BELL,29M
3009,DE LA ARAUCANIA,VILLARRICA,VILLARRICA,COLEGIO DE HUMANIDADES DE VILLARRICA,48M
3009,DE LA ARAUCANIA,VILLARRICA,VILLARRICA,ESCUELA VALENTIN LETELIER,30V
3009,DE LA ARAUCANIA,VILLARRICA,VILLARRICA,ESCUELA MARIANO LATORRE,45V
3009,DE LA ARAUCANIA,VILLARRICA,VILLARRICA,COLEGIO SANTA CRUZ DE VILLARRICA,63
3014,DE LOS RIOS,FUTRONO,FUTRONO,ESCUELA BASICA JOSE M. BALMACEDA F.,2V
3014,DE LOS RIOS,LA UNION,LA UNION,ESCUELA PRESIDENTE JORGE ALESSANDRI R.,40M
3014,DE LOS RIOS,LA UNION,LA UNION,LICEO RECTOR ABDON ANDRADE COLOMA,5V
3014,DE LOS RIOS,LA UNION,LA UNION,ESC.DIFERENC.VILLA SAN JOSE DE LA UNION,31V
3014,DE LOS RIOS,LANCO,MALALHUE,LICEO   REPUBLICA DEL BRASIL,2M
3014,DE LOS RIOS,LOS LAGOS,LOS LAGOS,LICEO ALBERTO BLEST GANA,12V
3014,DE LOS RIOS,MARIQUINA,MARIQUINA,ESCUELA VALLE DE MARIQUINA,8V
3014,DE LOS RIOS,PAILLACO,PAILLACO,LICEO RODULFO AMANDO PHILIPPI,1M
3014,DE LOS RIOS,PAILLACO,PAILLACO,ESCUELA PROYECTO DE FUTURO,18V
3014,DE LOS RIOS,PANGUIPULLI,PANGUIPULLI,ESCUELA MANUEL ANABALON SAEZ,38
3014,DE LOS RIOS,RIO BUENO,MANTILHUE,ESCUELA RURAL VALLE MANTILHUE BAJO,3V
3014,DE LOS RIOS,RIO BUENO,RIO BUENO,ESCUELA BASICA RIO BUENO,35V
3014,DE LOS RIOS,RIO BUENO,RIO BUENO,ESCUELA BASICA RIO BUENO,40V
3014,DE LOS RIOS,VALDIVIA,VALDIVIA,LICEO BICENTENARIO CIUDAD DE LOS RIOS VALDIVI,13M
3014,DE LOS RIOS,VALDIVIA,VALDIVIA,INSTITUTO COMERCIAL DE VALDIVIA,65M
3014,DE LOS RIOS,VALDIVIA,VALDIVIA,LICEO INDUSTRIAL VALDIVIA LOCAL: 2,44V
3014,DE LOS RIOS,VALDIVIA,VALDIVIA,LICEO INDUSTRIAL VALDIVIA LOCAL: 2,46V
3014,DE LOS RIOS,VALDIVIA,VALDIVIA,EX - COLEGIO DE MUSICA JUAN SEBASTIAN BACH,83V
3014,DE LOS RIOS,VALDIVIA,VALDIVIA,INSTITUTO ITALIA DE VALDIVIA LOCAL: 2,88V
3014,DE LOS RIOS,VALDIVIA,VALDIVIA,LICEO INDUSTRIAL VALDIVIA LOCAL: 3,159V
3014,DE LOS RIOS,VALDIVIA,VALDIVIA,LICEO INDUSTRIAL VALDIVIA LOCAL: 3,162V
3014,DE LOS RIOS,VALDIVIA,VALDIVIA,INST. SUPERIOR DE ADMINISTRACION Y TURISMO,190
3014,DE LOS RIOS,VALDIVIA,VALDIVIA,COLEGIO DEPORTIVO MUNICIPAL DE VALDIVIA,207
3010,DE LOS LAGOS,ANCUD,ANCUD,ESCUELA ANEXA,6M
3010,DE LOS LAGOS,ANCUD,ANCUD,ESCUELA ANEXA,11M
3010,DE LOS LAGOS,ANCUD,ANCUD,ESCUELA ANEXA,12M
3010,DE LOS LAGOS,ANCUD,ANCUD,LICEO AGRICOLA,24V
3010,DE LOS LAGOS,ANCUD,ANCUD,LICEO AGRICOLA,26V
3010,DE LOS LAGOS,ANCUD,PILLUCO,ESCUELA RURAL SOL DEL PACIFICO,6
3010,DE LOS LAGOS,CALBUCO,CALBUCO,COLEGIO SAN MIGUEL,18M
3010,DE LOS LAGOS,CALBUCO,ISLA PULUQUI,ESCUELA RURAL CHAUQUEAR,1V
3010,DE LOS LAGOS,CASTRO,CASTRO,ESCUELA AYTUE,32M
3010,DE LOS LAGOS,CASTRO,CASTRO,LICEO FRANCISCO COLOANE,27V
3010,DE LOS LAGOS,CASTRO,CASTRO,LICEO FRANCISCO COLOANE,28V
3010,DE LOS LAGOS,CASTRO,CASTRO,GIMNASIO MUNICIPAL,61
3010,DE LOS LAGOS,CURACO DE VELEZ,CURACO DE VELEZ,LICEO ALFREDO BARRIA OYARZUN,2V
3010,DE LOS LAGOS,DALCAHUE,DALCAHUE,ESCUELA BASICA DALCAHUE,11M
3010,DE LOS LAGOS,DALCAHUE,DALCAHUE,LICEO POLIVALENTE DALCAHUE,5V
3010,DE LOS LAGOS,DALCAHUE,DALCAHUE,LICEO POLIVALENTE DALCAHUE,8V
3010,DE LOS LAGOS,FRUTILLAR,FRUTILLAR,LICEO INDUSTRIAL CHILENO ALEMAN,24
3010,DE LOS LAGOS,FUTALEUFU,FUTALEUFU,ESCUELA FUTALEUFU,3V
3010,DE LOS LAGOS,LLANQUIHUE,LLANQUIHUE,ESCUELA PARTICULAR LOS VOLCANES,19M
3010,DE LOS LAGOS,LOS MUERMOS,CAÑITAS,ESCUELA RURAL CAÑITAS,2V-3V
3010,DE LOS LAGOS,LOS MUERMOS,LOS MUERMOS,LICEO PUNTA DE RIELES,10M
3010,DE LOS LAGOS,OSORNO,OSORNO,ESCUELA MONSEÑOR FRANCISCO VALDES SUBERCASEAUX,7M
3010,DE LOS LAGOS,OSORNO,OSORNO,LICEO ELEUTERIO RAMIREZ,77M
3010,DE LOS LAGOS,OSORNO,OSORNO,ESCUELA  SUIZA,107M
3010,DE LOS LAGOS,OSORNO,OSORNO,ESCUELA DE ARTES Y CULTURA OSORNO Y GIMNASIO,146M
3010,DE LOS LAGOS,OSORNO,OSORNO,ESCUELA DE ARTES Y CULTURA OSORNO Y GIMNASIO,148M
3010,DE LOS LAGOS,OSORNO,OSORNO,ESCUELA MEXICO DE MICHOACAN,4V
3010,DE LOS LAGOS,OSORNO,OSORNO,ESCUELA MEXICO DE MICHOACAN,14V
3010,DE LOS LAGOS,OSORNO,OSORNO,ESCUELA MEXICO DE MICHOACAN,16V
3010,DE LOS LAGOS,OSORNO,OSORNO,INSTITUTO POLITECNICO,29V
3010,DE LOS LAGOS,OSORNO,OSORNO,LICEO INDUSTRIAL OSORNO,81V
3010,DE LOS LAGOS,OSORNO,OSORNO,ESCUELA ESPECIAL `ANA AICHELE CARRASCO`,174
3010,DE LOS LAGOS,OSORNO,RAHUE,ESCUELA 88 CANADA,4M
3010,DE LOS LAGOS,OSORNO,RAHUE,ESCUELA 88 CANADA,10M
3010,DE LOS LAGOS,OSORNO,RAHUE,ESCUELA GARCIA HURTADO DE MENDOZA,20
3010,DE LOS LAGOS,OSORNO,RAHUE SUR,LICEO RAHUE,2
3010,DE LOS LAGOS,PUERTO MONTT,LAS QUEMAS,LICEO RURAL LAS QUEMAS,1V
3010,DE LOS LAGOS,PUERTO MONTT,PUERTO MONTT CENTRO E ISLA TENGLO,LICEO INDUSTRIAL ,12
3010,DE LOS LAGOS,PUERTO MONTT,PUERTO MONTT CENTRO E ISLA TENGLO,LICEO INDUSTRIAL ,17
3010,DE LOS LAGOS,PUERTO MONTT,PUERTO MONTT CENTRO E ISLA TENGLO,LICEO COMERCIAL MIRAMAR,26
3010,DE LOS LAGOS,PUERTO MONTT,PUERTO MONTT CENTRO E ISLA TENGLO,LICEO COMERCIAL MIRAMAR,27
3010,DE LOS LAGOS,PUERTO MONTT,PUERTO MONTT CENTRO E ISLA TENGLO,COLEGIO DARIO SALAS,168
3010,DE LOS LAGOS,PUERTO MONTT,PUERTO MONTT CENTRO E ISLA TENGLO,ESCUELA CAPITAN ARTURO PRAT CHACON,184
3010,DE LOS LAGOS,PUERTO MONTT,PUERTO MONTT CENTRO E ISLA TENGLO,ESCUELA CAPITAN ARTURO PRAT CHACON,185
3010,DE LOS LAGOS,PUERTO MONTT,PUERTO MONTT CENTRO E ISLA TENGLO,ESCUELA CAPITAN ARTURO PRAT CHACON,194
3010,DE LOS LAGOS,PUERTO MONTT,PUERTO MONTT CENTRO E ISLA TENGLO,ESCUELA CAPITAN ARTURO PRAT CHACON,202
3010,DE LOS LAGOS,PUERTO MONTT,PUERTO MONTT MIRASOL,ESCUELA MIRASOL,92
3010,DE LOS LAGOS,PUERTO MONTT,PUERTO MONTT NORTE,ESCUELA BASICA LICARAYEN,80
3010,DE LOS LAGOS,PUERTO MONTT,PUERTO MONTT NORTE,ESCUELA BASICA LICARAYEN,84
3010,DE LOS LAGOS,PUERTO VARAS,PUERTO VARAS,COLEGIO MIRADOR DEL LAGO,38M
3010,DE LOS LAGOS,PUERTO VARAS,PUERTO VARAS,COLEGIO GERMANIA DEL VERBO DIVINO,57
3010,DE LOS LAGOS,PUQUELDON,PUQUELDON,ESCUELA PUQUELDON,6M
3010,DE LOS LAGOS,PURRANQUE,CORTE ALTO,ESCUELA BERTOLDO HOFMANN KAHLER,2
3010,DE LOS LAGOS,PURRANQUE,PURRANQUE,LICEO TOMAS BURGOS,1M
3010,DE LOS LAGOS,PUYEHUE,PUYEHUE (ENTRE LAGOS),ESCUELA ENTRE LAGOS,11V
3010,DE LOS LAGOS,QUELLON,QUELLON,ESCUELA EDUCADORA EULOGIA BORQUEZ PEREZ,19V
3010,DE LOS LAGOS,QUELLON,QUELLON,ESCUELA BASICA SECTOR ORIENTE,35
3010,DE LOS LAGOS,QUINCHAO,QUINCHAO (ACHAO),LICEO INSULAR ENSEÑANZA BASICA Y GIMNASIO,3M
3010,DE LOS LAGOS,RIO NEGRO,RIACHUELO,COLEGIO RIACHUELO,2M
3010,DE LOS LAGOS,RIO NEGRO,RIACHUELO,COLEGIO RIACHUELO,3V
3011,DE AYSEN DEL GENERAL CARLOS IBAÑEZ DEL CAMPO,AYSEN,AISEN,POLIDEPORTIVO AYSEN,18M
3011,DE AYSEN DEL GENERAL CARLOS IBAÑEZ DEL CAMPO,CHILE CHICO,CHILE CHICO,ESCUELA BASICA DE CHILE CHICO,6M
3011,DE AYSEN DEL GENERAL CARLOS IBAÑEZ DEL CAMPO,CHILE CHICO,CHILE CHICO,ESCUELA BASICA DE CHILE CHICO,6V
3011,DE AYSEN DEL GENERAL CARLOS IBAÑEZ DEL CAMPO,CHILE CHICO,PUERTO GUADAL,ESCUELA LIBERTADOR BERNARDO O´HIGGINS RIQUELME,1V-3V
3011,DE AYSEN DEL GENERAL CARLOS IBAÑEZ DEL CAMPO,COYHAIQUE,COYHAIQUE,ESCUELA PARTICULAR SAN JOSE OBRERO,28M
3011,DE AYSEN DEL GENERAL CARLOS IBAÑEZ DEL CAMPO,LAGO VERDE,LAGO VERDE,ESCUELA CON INTERNADO JOSE MIGUEL CARRERA,1V
3012,DE MAGALLANES Y DE LA ANTARTICA CHILENA,PORVENIR,PORVENIR,COLEGIO MARIA AUXILIADORA,6V-8V
3012,DE MAGALLANES Y DE LA ANTARTICA CHILENA,PUNTA ARENAS,PUNTA ARENAS,LICEO JUAN BAUTISTA CONTARDI,60M
3012,DE MAGALLANES Y DE LA ANTARTICA CHILENA,PUNTA ARENAS,PUNTA ARENAS,ESCUELA CROACIA,127M
3012,DE MAGALLANES Y DE LA ANTARTICA CHILENA,PUNTA ARENAS,PUNTA ARENAS,ESCUELA CROACIA,131M
3012,DE MAGALLANES Y DE LA ANTARTICA CHILENA,PUNTA ARENAS,PUNTA ARENAS,LICEO EXPERIMENTAL UMAG,22V
3012,DE MAGALLANES Y DE LA ANTARTICA CHILENA,PUNTA ARENAS,PUNTA ARENAS,ESCUELA HERNANDO DE MAGALLANES,48V
3012,DE MAGALLANES Y DE LA ANTARTICA CHILENA,PUNTA ARENAS,PUNTA ARENAS,ESCUELA PORTUGAL,58V
3012,DE MAGALLANES Y DE LA ANTARTICA CHILENA,PUNTA ARENAS,PUNTA ARENAS,ESCUELA ARTURO PRAT CHACON,154V
3012,DE MAGALLANES Y DE LA ANTARTICA CHILENA,PUNTA ARENAS,PUNTA ARENAS,ESCUELA ARTURO PRAT CHACON,157V
3012,DE MAGALLANES Y DE LA ANTARTICA CHILENA,PUNTA ARENAS,PUNTA ARENAS,GIMNASIO FISCAL,163V
3012,DE MAGALLANES Y DE LA ANTARTICA CHILENA,PUNTA ARENAS,PUNTA ARENAS,ESCUELA PADRE ALBERTO HURTADO,192V
3012,DE MAGALLANES Y DE LA ANTARTICA CHILENA,PUNTA ARENAS,PUNTA ARENAS,ESCUELA PADRE ALBERTO HURTADO,200V
3012,DE MAGALLANES Y DE LA ANTARTICA CHILENA,PUNTA ARENAS,PUNTA ARENAS,CENTRO ELIGE VIVIR SANO,221V
3012,DE MAGALLANES Y DE LA ANTARTICA CHILENA,PUNTA ARENAS,PUNTA ARENAS,ESCUELA PARTICULAR LA MILAGROSA,236V
