re,co,cc,lo,me
DE ARICA Y PARINACOTA,ARICA,ARICA,COLEGIO SAUCACHE,228V-259V
DE ARICA Y PARINACOTA,ARICA,ARICA,ESCUELA D-4 REPUBLICA DE ISRAEL,91V-92V
DE ARICA Y PARINACOTA,ARICA,ARICA,ESCUELA D-4 REPUBLICA DE ISRAEL,110V-111V
DE ARICA Y PARINACOTA,ARICA,ARICA,ESCUELA E-1 REPUBLICA DE ARGENTINA,196M-197M
DE ARICA Y PARINACOTA,ARICA,ARICA,ESCUELA E-1 REPUBLICA DE ARGENTINA,215M-216M
DE ARICA Y PARINACOTA,ARICA,ARICA NORTE,COLEGIO D-91 CENTENARIO,22
DE ARICA Y PARINACOTA,ARICA,SAN MIGUEL DE AZAPA,LICEO AGRICOLA JOSE ABELARDO NUÑEZ ,2M
DE ARICA Y PARINACOTA,ARICA,SECTOR EX BARRIO INDUSTRIAL DE ARICA,COLEGIO SAN MARCOS DE ARICA,111
DE ARICA Y PARINACOTA,ARICA,SECTOR EX BARRIO INDUSTRIAL DE ARICA,ESCUELA D-18 HUMBERTO VALENZUELA GARCIA,10
DE ARICA Y PARINACOTA,PUTRE,BELEN,ESCUELA SAN SANTIAGO DE BELEN,1M-2M-3M
DE TARAPACA,ALTO HOSPICIO,ALTO HOSPICIO,ANEXO DE COLEGIO SAN ANTONIO DE MATILLA,36M
DE TARAPACA,IQUIQUE,IQUIQUE,COLEGIO ACADEMIA TARAPACA,204V
DE TARAPACA,IQUIQUE,IQUIQUE,COLEGIO ADVENTISTA,238V
DE TARAPACA,IQUIQUE,IQUIQUE,COLEGIO DIOCESANO OBISPO LABBE,114M
DE TARAPACA,IQUIQUE,IQUIQUE,COLEGIO REPUBLICA DE CROACIA,76V
DE TARAPACA,IQUIQUE,IQUIQUE,ESCUELA GABRIELA MISTRAL,32V
DE TARAPACA,IQUIQUE,IQUIQUE,LICEO DEPORTIVO ELENA DUVAUCHELLE CABEZON,20V
DE TARAPACA,IQUIQUE,IQUIQUE,LICEO LIBERTADOR GENERAL BERNARDO O´HIGGINS,208M
DE TARAPACA,IQUIQUE,IQUIQUE,LICEO LUIS CRUZ MARTINEZ,4M
DE TARAPACA,IQUIQUE,IQUIQUE,LICEO PRESIDENTE ANIBAL PINTO GARMENDIA.,221V
DE TARAPACA,IQUIQUE,IQUIQUE SUR,COLEGIO ESPANA,72
DE TARAPACA,IQUIQUE,IQUIQUE SUR,ESCUELA PROFESOR MANUEL CASTRO RAMOS,38
DE ANTOFAGASTA,ANTOFAGASTA,ANTOFAGASTA NORTE,ESCUELA ECOLOGICA HUMBERTO GONZALEZ ECHEGOYEN,82M
DE ANTOFAGASTA,ANTOFAGASTA,ANTOFAGASTA NORTE,ESCUELA ESPAÑA,1M-306
DE ANTOFAGASTA,ANTOFAGASTA,ANTOFAGASTA NORTE,ESCUELA GENERAL MANUEL BAQUEDANO,297
DE ANTOFAGASTA,ANTOFAGASTA,ANTOFAGASTA NORTE,ESCUELA GUSTAVO LE PAIGE WALQUE,51M
DE ANTOFAGASTA,ANTOFAGASTA,ANTOFAGASTA NORTE,ESCUELA GUSTAVO LE PAIGE WALQUE,58M
DE ANTOFAGASTA,ANTOFAGASTA,ANTOFAGASTA NORTE,ESCUELA JOSE PAPIC RADNIC,65M
DE ANTOFAGASTA,ANTOFAGASTA,ANTOFAGASTA NORTE,ESCUELA LA BANDERA,56V
DE ANTOFAGASTA,ANTOFAGASTA,ANTOFAGASTA NORTE,LICEO LA PORTADA,34M
DE ANTOFAGASTA,ANTOFAGASTA,ANTOFAGASTA SUR,HRVATSKA SKOLA SAN ESTEBAN,27V
DE ANTOFAGASTA,ANTOFAGASTA,ANTOFAGASTA SUR,LICEO BICENTENARIO ANDRES SABELLA,163V
DE ATACAMA,COPIAPO,COPIAPO,COLEGIO ADVENTISTA DE COPIAPO,105V
DE ATACAMA,COPIAPO,COPIAPO,COLEGIO SAN AGUSTIN DE ATACAMA,129V
DE ATACAMA,COPIAPO,COPIAPO,ESCUELA DIFERENCIAL MARIA LUZ LANZA PIZARRO,9M
DE ATACAMA,COPIAPO,COPIAPO,ESCUELA DIFERENCIAL MARIA LUZ LANZA PIZARRO,15M
DE ATACAMA,COPIAPO,COPIAPO,ESCUELA SAN VICENTE DE PAUL,30M
DE ATACAMA,COPIAPO,COPIAPO,ESCUELA SAN VICENTE DE PAUL,149
DE ATACAMA,COPIAPO,COPIAPO,LICEO CATOLICO ATACAMA,73M
DE ATACAMA,COPIAPO,COPIAPO,LICEO SAGRADO CORAZON,46M
DE ATACAMA,COPIAPO,COPIAPO,LICEO TECNICO PROFESIONAL HEROES DE ATACAMA,206
DE ATACAMA,COPIAPO,LOS VOLCANES,CENTRO DE EDUCACION INTEGRADA DE ADULTOS,1
DE ATACAMA,COPIAPO,LOS VOLCANES,CENTRO DE EDUCACION INTEGRADA DE ADULTOS,13
DE ATACAMA,TIERRA AMARILLA,TIERRA AMARILLA,ESC. BASICA MARTA EMILIANA AGUILAR ZERON,10V
DE ATACAMA,ALTO DEL CARMEN,EL TRANSITO,EDUCADOR ARTURO ALVEAR RAMOS,4M
DE ATACAMA,ALTO DEL CARMEN,EL TRANSITO,EDUCADOR ARTURO ALVEAR RAMOS,1V
DE ATACAMA,FREIRINA,FREIRINA,ESCUELA BASICA ALEJANDRO NOEMI HUERTA,2M
DE ATACAMA,VALLENAR,VALLENAR,ESCUELA BASICA ESPANA,7M
DE ATACAMA,VALLENAR,VALLENAR,ESCUELA BASICA GUALBERTO KONG FERNANDEZ,50M
DE ATACAMA,VALLENAR,VALLENAR,LICEO BICENTENARIO DE VALLENAR,49V
DE ATACAMA,VALLENAR,VALLENAR,LICEO JOSE SANTOS OSSA,34M
DE COQUIMBO,CANELA,CANELA (CANELA BAJA),ESCUELA BASICA HECTOR JORQUERA VALENCIA ,2V
DE COQUIMBO,ILLAPEL,ILLAPEL,COLEGIO SANTA TERESA,36M
DE COQUIMBO,ILLAPEL,ILLAPEL,ESCUELA BASICA VALLE DEL CHOAPA,17V
DE COQUIMBO,ILLAPEL,ILLAPEL,LICEO DOMINGO ORTIZ DE ROZAS,9M
DE COQUIMBO,LOS VILOS,LOS VILOS,COLEGIO DIEGO DE ALMAGRO,7M
DE COQUIMBO,LOS VILOS,LOS VILOS,LICEO NICOLAS FEDERICO LOHSE VARGAS,9V
DE COQUIMBO,LOS VILOS,QUILIMARI,ESCUELA BASICA TERESA CANNON DE BARRIOLHET.,2M
DE COQUIMBO,SALAMANCA,SALAMANCA,COLEGIO PART. SUB. CUMBRES DEL CHOAPA,18V
DE COQUIMBO,SALAMANCA,SALAMANCA,COLEGIO PART. SUB. CUMBRES DEL CHOAPA,31
DE COQUIMBO,SALAMANCA,SALAMANCA,COLEGIO PART. SUB. CUMBRES DEL CHOAPA,34
DE COQUIMBO,SALAMANCA,SALAMANCA,COLEGIO PART. SUB. CUMBRES DEL CHOAPA,35
DE COQUIMBO,SALAMANCA,SALAMANCA,ESCUELA MATILDE SALAMANCA,3M
DE COQUIMBO,COQUIMBO,COQUIMBO,COLEGIO DE ARTES CLAUDIO ARRAU,90V
DE COQUIMBO,COQUIMBO,COQUIMBO,COLEGIO DE ARTES CLAUDIO ARRAU,94V
DE COQUIMBO,COQUIMBO,COQUIMBO,COLEGIO PARTICULAR GABRIELA MISTRAL,71M
DE COQUIMBO,COQUIMBO,COQUIMBO,COLEGIO PARTICULAR GABRIELA MISTRAL,85M
DE COQUIMBO,COQUIMBO,COQUIMBO,COLEGIO PARTICULAR GABRIELA MISTRAL,86M
DE COQUIMBO,COQUIMBO,COQUIMBO,ESCUELA BASICA MARIO MUNOZ SILVA,164
DE COQUIMBO,COQUIMBO,COQUIMBO,ESCUELA CARDENAL JOSE MARIA CARO,117V
DE COQUIMBO,COQUIMBO,COQUIMBO,INSTITUTO SUPERIOR DE COMERCIO DE COQUIMBO,18V
DE COQUIMBO,LA HIGUERA,LA HIGUERA,ESCUELA BASICA PEDRO PABLO MUNOZ,1V
DE COQUIMBO,LA SERENA,LA SERENA,COLEGIO GABRIEL GONZALEZ VIDELA,26M
DE COQUIMBO,LA SERENA,LA SERENA,COLEGIO GABRIEL GONZALEZ VIDELA,42M
DE COQUIMBO,LA SERENA,LA SERENA,COLEGIO JAPON,3M
DE COQUIMBO,LA SERENA,LA SERENA,COLEGIO JAPON,14M
DE COQUIMBO,LA SERENA,LA SERENA,COLEGIO JAVIERA CARRERA,181
DE COQUIMBO,LA SERENA,LA SERENA,COLEGIO JAVIERA CARRERA,197
DE COQUIMBO,LA SERENA,LA SERENA,COLEGIO JOSE MIGUEL CARRERA,209
DE COQUIMBO,LA SERENA,LA SERENA,COLEGIO JOSE MIGUEL CARRERA,221
DE COQUIMBO,LA SERENA,LA SERENA,COLEGIO VICTOR DOMINGO SILVA,16V
DE COQUIMBO,LA SERENA,LA SERENA,ESCUELA GERMAN RIESCO,127V
DE COQUIMBO,LA SERENA,LA SERENA,ESCUELA GERMAN RIESCO,128V
DE COQUIMBO,LA SERENA,LA SERENA,ESTADIO LA PORTADA,133M
DE COQUIMBO,LA SERENA,LA SERENA,LICEO GABRIELA MISTRAL DE LA SERENA,95V
DE COQUIMBO,LA SERENA,LA SERENA,LICEO GREGORIO CORDOVEZ,31V
DE COQUIMBO,LA SERENA,LA SERENA,LICEO TECNICO MARTA BRUNET,82M
DE COQUIMBO,LA SERENA,LAS COMPAÑIAS,COLEGIO ARTURO PRAT CHACON,84
DE COQUIMBO,LA SERENA,LAS COMPAÑIAS,ESCUELA ALONSO DE ERCILLA,5M
DE COQUIMBO,LA SERENA,LAS COMPAÑIAS,LICEO TECNICO FEMENINO LAS COMPANIAS,108
DE COQUIMBO,PAIHUANO,PAIHUANO,LICEO MISTRALIANO,2M
DE COQUIMBO,COMBARBALA,COMBARBALA,ESCUELA BASICA AMERICA,8M
DE COQUIMBO,MONTE PATRIA,CAREN,COLEGIO RIO GRANDE,1V
DE COQUIMBO,MONTE PATRIA,CAREN,COLEGIO RIO GRANDE,4V
DE COQUIMBO,MONTE PATRIA,CHAÑARAL ALTO,ESCUELA ALEJANDRO CHELEN ROJAS,2M
DE COQUIMBO,MONTE PATRIA,EL PALQUI,ESCUELA EL PALQUI,6
DE COQUIMBO,MONTE PATRIA,MONTE PATRIA,COLEGIO REPUBLICA DE CHILE,10V
DE COQUIMBO,MONTE PATRIA,MONTE PATRIA,LICEO PRESIDENTE EDUARDO FREI MONTALVA,25
DE COQUIMBO,MONTE PATRIA,RAPEL,ESCUELA BASICA WENCESLAO VARGAS,1V
DE COQUIMBO,OVALLE,CERRILLOS DE TAMAYA,ESCUELA ARTURO VILLALON SIEULANNE,4M
DE COQUIMBO,OVALLE,OVALLE,COLEGIO FRAY JORGE,4M
DE COQUIMBO,OVALLE,OVALLE,COLEGIO FRAY JORGE,8M
DE COQUIMBO,OVALLE,OVALLE,COLEGIO FRAY JORGE,11M
DE COQUIMBO,OVALLE,OVALLE,COLEGIO FRAY JORGE,20M
DE COQUIMBO,OVALLE,OVALLE,ESCUELA DE ARTES Y MUSICA,74M
DE COQUIMBO,OVALLE,OVALLE,ESCUELA DE ARTES Y MUSICA,80M
DE COQUIMBO,OVALLE,OVALLE,ESCUELA DE ARTES Y MUSICA,92M
DE COQUIMBO,OVALLE,OVALLE,ESCUELA DE ARTES Y MUSICA,1V
DE COQUIMBO,OVALLE,OVALLE,ESTADIO DIAGUITA,141
DE COQUIMBO,OVALLE,OVALLE,ESTADIO DIAGUITA,142
DE COQUIMBO,OVALLE,OVALLE,LICEO ALEJANDRO ALVAREZ JOFRE,59M
DE COQUIMBO,OVALLE,OVALLE,LICEO ESTELA AVILA DE PERRY,29M
DE COQUIMBO,OVALLE,OVALLE,LICEO ESTELA AVILA DE PERRY,34M
DE COQUIMBO,OVALLE,OVALLE,LICEO POLITECNICO DE OVALLE,33V
DE COQUIMBO,PUNITAQUI,PUNITAQUI,ESCUELA BELGICA,8M
DE VALPARAISO,OLMUE,OLMUE,COLEGIO  IGNACIO CARRERA PINTO,27
DE VALPARAISO,OLMUE,OLMUE,ESCUELA ATENAS,7V
DE VALPARAISO,QUILPUE,QUILPUE,COLEGIO FUNDADORES DE QUILPUE,15V
DE VALPARAISO,SAN ANTONIO,SAN ANTONIO,LICEO GABRIELA MISTRAL,61M
DE VALPARAISO,SAN ANTONIO,SAN ANTONIO,LICEO GABRIELA MISTRAL,62M
DE VALPARAISO,SAN ANTONIO,SAN ANTONIO,LICEO JUAN DANTE PARRAGUEZ ARELLANO,64M
DE VALPARAISO,SAN ANTONIO,SAN ANTONIO,LICEO NACIONAL DE LLO LLEO,93M
DE VALPARAISO,CONCON,CONCON,COLEGIO ALBORADA DEL MAR,70
DE VALPARAISO,CONCON,CONCON,COLEGIO ALBORADA DEL MAR,71
DE VALPARAISO,VALPARAISO,BARON,ESCUELA A-19 HERNAN OLGUIN,63M
DE VALPARAISO,VALPARAISO,BARON,LICEO COEDUCACIONAL LA IGUALDAD,33M
DE VALPARAISO,VALPARAISO,EL PUERTO,COLEGIO SEMINARIO SAN RAFAEL,153M
DE VALPARAISO,VALPARAISO,EL PUERTO,ESCUELA GRECIA (D-251),75M
DE VALPARAISO,VALPARAISO,EL PUERTO,LICEO TECNICO DE VALPARAISO,104M
DE VALPARAISO,VALPARAISO,EL PUERTO,LICEO TECNICO DE VALPARAISO,116M
DE VALPARAISO,VALPARAISO,PLAYA ANCHA,INSTITUTO TECNICO PROFESIONAL MARITIMO DE VALPARAISO ,32V
DE VALPARAISO,VIÑA DEL MAR,SAUSALITO,COLEGIO MARIA AUXILIADORA,163
DE VALPARAISO,VIÑA DEL MAR,SAUSALITO,ESCUELA BASICA HUMBERTO VILCHES ALZAMORA,63M
METROPOLITANA DE SANTIAGO,COLINA,CHICUREO,ESCUELA BASICA ALGARROBAL,2V
METROPOLITANA DE SANTIAGO,COLINA,COLINA,COLEGIO MUNICIPAL INSTITUTO CHACABUCO LOCAL: 2,50M
METROPOLITANA DE SANTIAGO,COLINA,COLINA,ESCUELA BASICA MARCOS GOYCOOLEA CORTES,4M
METROPOLITANA DE SANTIAGO,COLINA,COLINA,ESCUELA DE LENGUAJE CAMINA ALTO,125
METROPOLITANA DE SANTIAGO,COLINA,COLINA,ESCUELA DE LENGUAJE CAMINA ALTO,128
METROPOLITANA DE SANTIAGO,COLINA,COLINA,ESCUELA PREMIO NOBEL PABLO NERUDA,24V
METROPOLITANA DE SANTIAGO,COLINA,COLINA,ESCUELA PREMIO NOBEL PABLO NERUDA,37V
METROPOLITANA DE SANTIAGO,COLINA,COLINA,LICEO BICENTENARIO PROVINCIAL SANTA TERESA DE LOS ANDES,110
METROPOLITANA DE SANTIAGO,COLINA,COLINA,LICEO BICENTENARIO PROVINCIAL SANTA TERESA DE LOS ANDES,116
METROPOLITANA DE SANTIAGO,COLINA,COLINA,LICEO POLIVALENTE RIGOBERTO FONTT ,10V
METROPOLITANA DE SANTIAGO,LAMPA,BATUCO,LICEO MUNICIPAL DE BATUCO,15
METROPOLITANA DE SANTIAGO,LAMPA,LAMPA,COMPLEJO EDUCACIONAL MANUEL PLAZA REYES LOCAL: 1,9M
METROPOLITANA DE SANTIAGO,LAMPA,LAMPA,ESCUELA BASICA PARTICULAR JERUSALEN,76
METROPOLITANA DE SANTIAGO,LAMPA,LAMPA,NORMA GONZALEZ GUERRA,54
METROPOLITANA DE SANTIAGO,TILTIL,HUERTOS FAMILIARES,LICEO HUERTOS FAMILIARES,4
METROPOLITANA DE SANTIAGO,PIRQUE,EL PRINCIPAL,LICEO EL PRINCIPAL,4
METROPOLITANA DE SANTIAGO,PIRQUE,EL PRINCIPAL,LICEO EL PRINCIPAL,11
METROPOLITANA DE SANTIAGO,PIRQUE,PIRQUE,COLEGIO COLONIAL DE PIRQUE,25
METROPOLITANA DE SANTIAGO,PIRQUE,PIRQUE,LICEO MUNICIPAL TECNICO PROFESIONAL EL LLANO LOCAL: 1,13M
METROPOLITANA DE SANTIAGO,PUENTE ALTO,BAJOS DE MENA,ESCUELA LAS PALMAS,43
METROPOLITANA DE SANTIAGO,PUENTE ALTO,PUENTE ALTO,CENTRO EDUCACIONAL NUEVA CREACION LOCAL: 1,76V
METROPOLITANA DE SANTIAGO,PUENTE ALTO,PUENTE ALTO,CENTRO EDUCACIONAL SAN CARLOS DE ARAGON LOCAL: 1 ,244M
METROPOLITANA DE SANTIAGO,PUENTE ALTO,PUENTE ALTO,CENTRO EDUCACIONAL SAN CARLOS DE ARAGON LOCAL: 1 ,246M
METROPOLITANA DE SANTIAGO,PUENTE ALTO,PUENTE ALTO,CENTRO EDUCACIONAL SAN CARLOS DE ARAGON LOCAL: 2,273M
METROPOLITANA DE SANTIAGO,PUENTE ALTO,PUENTE ALTO,COLEGIO ALICANTE DEL SOL LOCAL: 2,306
METROPOLITANA DE SANTIAGO,PUENTE ALTO,PUENTE ALTO,COLEGIO ALICANTE DEL SOL LOCAL: 2,318
METROPOLITANA DE SANTIAGO,PUENTE ALTO,PUENTE ALTO,COLEGIO ALICANTE DEL SOL LOCAL: 2,319
METROPOLITANA DE SANTIAGO,PUENTE ALTO,PUENTE ALTO,COLEGIO ALICANTE DEL SOL LOCAL: 3,330
METROPOLITANA DE SANTIAGO,PUENTE ALTO,PUENTE ALTO,COLEGIO MAIPO LOCAL: 1,181V
METROPOLITANA DE SANTIAGO,PUENTE ALTO,PUENTE ALTO,COLEGIO MAIPO LOCAL: 2,203V
METROPOLITANA DE SANTIAGO,PUENTE ALTO,PUENTE ALTO,COLEGIO PARTICULAR ALTAZOR LOCAL: 2,375
METROPOLITANA DE SANTIAGO,PUENTE ALTO,PUENTE ALTO,COLEGIO PARTICULAR SAN JOSE DE PUENTE ALTO LOCAL: 2,198M
METROPOLITANA DE SANTIAGO,PUENTE ALTO,PUENTE ALTO,COLEGIO PARTICULAR SAN JOSE DE PUENTE ALTO LOCAL: 2,204M
METROPOLITANA DE SANTIAGO,PUENTE ALTO,PUENTE ALTO,COLEGIO POLIVALENTE DOMINGO MATTE MESIAS LOCAL: 2,162M
METROPOLITANA DE SANTIAGO,PUENTE ALTO,PUENTE ALTO,ESCUELA CONSOLIDADA LOCAL: 1,49V
METROPOLITANA DE SANTIAGO,PUENTE ALTO,PUENTE ALTO,ESCUELA CONSOLIDADA LOCAL: 2,55V
METROPOLITANA DE SANTIAGO,PUENTE ALTO,PUENTE ALTO,ESCUELA LOS ANDES LOCAL: 2,18M
METROPOLITANA DE SANTIAGO,PUENTE ALTO,PUENTE ALTO,ESCUELA LOS ANDES LOCAL: 2,21M
METROPOLITANA DE SANTIAGO,PUENTE ALTO,PUENTE ALTO,ESCUELA LOS ANDES LOCAL: 2,24M
METROPOLITANA DE SANTIAGO,PUENTE ALTO,PUENTE ALTO,ESCUELA NONATO COO LOCAL: 1,30M
METROPOLITANA DE SANTIAGO,PUENTE ALTO,PUENTE ALTO,ESCUELA NONATO COO LOCAL: 1,39M
METROPOLITANA DE SANTIAGO,PUENTE ALTO,PUENTE ALTO,ESCUELA NONATO COO LOCAL: 1,46M
METROPOLITANA DE SANTIAGO,PUENTE ALTO,PUENTE ALTO,ESCUELA NONATO COO LOCAL: 2,48M
METROPOLITANA DE SANTIAGO,PUENTE ALTO,PUENTE ALTO,ESCUELA NONATO COO LOCAL: 2,56M
METROPOLITANA DE SANTIAGO,PUENTE ALTO,PUENTE ALTO,ESCUELA OSCAR BONILLA LOCAL: 1,104V
METROPOLITANA DE SANTIAGO,PUENTE ALTO,PUENTE ALTO,ESCUELA REPUBLICA DE GRECIA LOCAL: 2,228M
METROPOLITANA DE SANTIAGO,PUENTE ALTO,PUENTE ALTO,ESCUELA VILLA INDEPENDENCIA LOCAL: 1,208V
METROPOLITANA DE SANTIAGO,PUENTE ALTO,PUENTE ALTO,ESCUELA VILLA INDEPENDENCIA LOCAL: 2,228V
METROPOLITANA DE SANTIAGO,PUENTE ALTO,PUENTE ALTO,ESCUELA VILLA INDEPENDENCIA LOCAL: 2,230V
METROPOLITANA DE SANTIAGO,PUENTE ALTO,PUENTE ALTO,ESCUELA VILLA PEDRO AGUIRRE CERDA,612
METROPOLITANA DE SANTIAGO,PUENTE ALTO,PUENTE ALTO,EXTREMADURA DE PUENTE ALTO LOCAL: 1,435
METROPOLITANA DE SANTIAGO,PUENTE ALTO,PUENTE ALTO,LICEO COMERCIAL DE PUENTE ALTO LOCAL: 1,142V
METROPOLITANA DE SANTIAGO,PUENTE ALTO,PUENTE ALTO,LICEO INDUSTRIAL MUNICIPALIZADO A 116 LOCAL: 1,67M
METROPOLITANA DE SANTIAGO,PUENTE ALTO,PUENTE ALTO,LICEO INDUSTRIAL MUNICIPALIZADO A 116 LOCAL: 1,71M
METROPOLITANA DE SANTIAGO,PUENTE ALTO,PUENTE ALTO,LICEO INDUSTRIAL MUNICIPALIZADO A 116 LOCAL: 1,72M
METROPOLITANA DE SANTIAGO,PUENTE ALTO,PUENTE ALTO,LICEO INDUSTRIAL MUNICIPALIZADO A 116 LOCAL: 2,100M
METROPOLITANA DE SANTIAGO,PUENTE ALTO,PUENTE ALTO,LICEO NUESTRA SEÑORA DE LAS MERCEDES LOCAL: 1,285M
METROPOLITANA DE SANTIAGO,PUENTE ALTO,PUENTE ALTO,LICEO NUESTRA SEÑORA DE LAS MERCEDES LOCAL: 2,295M
METROPOLITANA DE SANTIAGO,PUENTE ALTO,PUENTE ALTO,LICEO PUENTE ALTO LOCAL: 1,111M
METROPOLITANA DE SANTIAGO,PUENTE ALTO,PUENTE ALTO,LICEO PUENTE ALTO LOCAL: 2,123M
METROPOLITANA DE SANTIAGO,PUENTE ALTO,PUENTE ALTO,LICEO PUENTE ALTO LOCAL: 2,125M
METROPOLITANA DE SANTIAGO,PUENTE ALTO,PUENTE ALTO,LICEO SAN GERONIMO LOCAL: 2,23V
METROPOLITANA DE SANTIAGO,PUENTE ALTO,SOTERO DEL RIO,LICEO INGENIERO MILITAR JUAN MACKENNA O'REILLY ,20
METROPOLITANA DE SANTIAGO,SAN JOSE DE MAIPO,SAN JOSE DE MAIPO,ESCUELA JULIETA BECERRA ALVAREZ,2M
METROPOLITANA DE SANTIAGO,SAN JOSE DE MAIPO,SAN JOSE DE MAIPO,ESCUELA JULIETA BECERRA ALVAREZ,20M
METROPOLITANA DE SANTIAGO,SAN JOSE DE MAIPO,SAN JOSE DE MAIPO,LICEO POLIVALENTE SAN JOSE DE MAIPO,20V
METROPOLITANA DE SANTIAGO,BUIN,ALTO JAHUEL,LICEO ALTO JAHUEL LOCAL: 1,5
METROPOLITANA DE SANTIAGO,BUIN,BUIN,LICEO POLIVALENTE MODERNO CARDENAL CARO MEDIA LOCAL: 1,54V
METROPOLITANA DE SANTIAGO,BUIN,VALDIVIA DE PAINE,ESCUELA VALDIVIA DE PAINE,10
METROPOLITANA DE SANTIAGO,CALERA DE TANGO,CALERA DE TANGO,LICEO MUNICIPAL POETISA GABRIELA MISTRAL ENSEÑANZA BASICA LOCAL: 2,20V
METROPOLITANA DE SANTIAGO,PAINE,CHAMPA,LICEO POLIVALENTE GREGORIO MORALES MIRANDA,11M
METROPOLITANA DE SANTIAGO,PAINE,HUELQUEN,LICEO MARIA CARVAJAL FUENZALIDA,6
METROPOLITANA DE SANTIAGO,PAINE,PAINE,CENTRO EDUCACIONAL ENRIQUE BERNSTEIN CARABANTE LOCAL: 1,6M
METROPOLITANA DE SANTIAGO,PAINE,PAINE,CENTRO EDUCACIONAL ENRIQUE BERNSTEIN CARABANTE LOCAL: 1,17M
METROPOLITANA DE SANTIAGO,PAINE,PAINE,CENTRO EDUCACIONAL ENRIQUE BERNSTEIN CARABANTE LOCAL: 2,23M
METROPOLITANA DE SANTIAGO,PAINE,PAINE,COLEGIO PARTICULAR MARIA ANA MOGAS,85
METROPOLITANA DE SANTIAGO,PAINE,PAINE,ESCUELA BASICA PAULA JARAQUEMADA ALQUIZAR LOCAL: 2,33V
METROPOLITANA DE SANTIAGO,SAN BERNARDO,SAN BERNARDO,CENTRO EDUCACIONAL BALDOMERO LILLO LOCAL: 2,232V
METROPOLITANA DE SANTIAGO,SAN BERNARDO,SAN BERNARDO,LICEO HARDWARE ,28V
METROPOLITANA DE SANTIAGO,SAN BERNARDO,SAN BERNARDO,LICEO HARDWARE ,34V
METROPOLITANA DE SANTIAGO,SAN BERNARDO,SAN BERNARDO,LICEO HARDWARE ,43V
METROPOLITANA DE SANTIAGO,SAN BERNARDO,SAN BERNARDO,ESCUELA LIBERTADOR GENERAL BERNARDO O'HIGGINS ,16V
METROPOLITANA DE SANTIAGO,SAN BERNARDO,SAN BERNARDO,ESCUELA MANUEL MAGALLANES MOURE,78V
METROPOLITANA DE SANTIAGO,SAN BERNARDO,SAN BERNARDO,GIMNASIO MUNICIPAL,199M
METROPOLITANA DE SANTIAGO,SAN BERNARDO,SAN BERNARDO,LICEO POLIVALENTE LUCILA GODOY ALCAYAGA,116V
METROPOLITANA DE SANTIAGO,ALHUE,ALHUE,LICEO MUNICIPAL SARA TRONCOSO TRONCOSO,6M
METROPOLITANA DE SANTIAGO,CURACAVI,CURACAVI,ESCUELA BASICA VALLE DE PUANGUE,5M
METROPOLITANA DE SANTIAGO,CURACAVI,CURACAVI,ESCUELA SAN JOSE OBRERO DE CURACAVI,32
METROPOLITANA DE SANTIAGO,MARIA PINTO,MARIA PINTO,LICEO MUNICIPAL F-860 LOCAL: 2,21
METROPOLITANA DE SANTIAGO,MELIPILLA,MELIPILLA,COLEGIO PARTICULAR MELIPILLA,96M
METROPOLITANA DE SANTIAGO,MELIPILLA,MELIPILLA,COLEGIO POLITECNICO NUESTRA SEÑORA DE LA PRESENTACION LOCAL: 2,73V
METROPOLITANA DE SANTIAGO,MELIPILLA,MELIPILLA,COLEGIO POLITECNICO NUESTRA SEÑORA DE LA PRESENTACION LOCAL: 2,90V
METROPOLITANA DE SANTIAGO,MELIPILLA,MELIPILLA,COLEGIO POLIVALENTE SAN AGUSTIN LOCAL: 1,93V
METROPOLITANA DE SANTIAGO,MELIPILLA,MELIPILLA,COLEGIO POLIVALENTE SAN AGUSTIN LOCAL: 1,107
METROPOLITANA DE SANTIAGO,MELIPILLA,MELIPILLA,COLEGIO POLIVALENTE SAN AGUSTIN LOCAL: 2,125
METROPOLITANA DE SANTIAGO,MELIPILLA,MELIPILLA,LICEO GABRIELA MISTRAL DE MELIPILLA,154
METROPOLITANA DE SANTIAGO,MELIPILLA,MELIPILLA,LICEO POLITECNICO MUNICIPAL MELIPILLA LOCAL: 1,17M
METROPOLITANA DE SANTIAGO,MELIPILLA,MELIPILLA,LICEO POLITECNICO MUNICIPAL MELIPILLA LOCAL: 3,43M
METROPOLITANA DE SANTIAGO,MELIPILLA,MELIPILLA,LICEO POLITECNICO MUNICIPAL MELIPILLA LOCAL: 3,46M
METROPOLITANA DE SANTIAGO,MELIPILLA,MELIPILLA,LICEO POLITECNICO MUNICIPAL MELIPILLA LOCAL: 3,62M
METROPOLITANA DE SANTIAGO,MELIPILLA,MELIPILLA,LICEO POLITECNICO MUNICIPAL MELIPILLA LOCAL: 4,67M
METROPOLITANA DE SANTIAGO,MELIPILLA,MELIPILLA,LICEO POLIVALENTE HERMANOS SOTOMAYOR BAEZA LOCAL: 1,5V
METROPOLITANA DE SANTIAGO,MELIPILLA,MELIPILLA,LICEO POLIVALENTE HERMANOS SOTOMAYOR BAEZA LOCAL: 1,24V
METROPOLITANA DE SANTIAGO,MELIPILLA,MELIPILLA,LICEO POLIVALENTE HERMANOS SOTOMAYOR BAEZA LOCAL: 2,43V
METROPOLITANA DE SANTIAGO,SAN PEDRO,SAN PEDRO,LICEO MUNICIPAL DE SAN PEDRO LOCAL: 2,8V
METROPOLITANA DE SANTIAGO,CERRILLOS,CERRILLOS,COLEGIO SAN JOSE DE CERRILLOS,104V
METROPOLITANA DE SANTIAGO,CERRILLOS,CERRILLOS,ESCUELA BASICA CAMPOS DE MAIPU - CERRILLOS,84M
METROPOLITANA DE SANTIAGO,CERRILLOS,CERRILLOS,ESCUELA BASICA CAMPOS DE MAIPU - CERRILLOS,88M
METROPOLITANA DE SANTIAGO,CERRILLOS,CERRILLOS,ESCUELA LOTHAR KOMMER BRUGER,14V
METROPOLITANA DE SANTIAGO,CERRO NAVIA,CERRO NAVIA,ESCUELA CIUDAD SANTO DOMINGO DE GUZMAN,11V
METROPOLITANA DE SANTIAGO,CERRO NAVIA,CERRO NAVIA,ESCUELA CIUDAD SANTO DOMINGO DE GUZMAN,14V
METROPOLITANA DE SANTIAGO,CERRO NAVIA,CERRO NAVIA,ESCUELA PROFESOR MANUEL GUERRERO CEBALLOS,79V
METROPOLITANA DE SANTIAGO,CONCHALI,EL CORTIJO,CENTRO EDUCACIONAL POETA EUSEBIO LILLO,85M
METROPOLITANA DE SANTIAGO,CONCHALI,EL CORTIJO,CENTRO EDUCACIONAL POETA EUSEBIO LILLO,86M
METROPOLITANA DE SANTIAGO,CONCHALI,EL CORTIJO,ESCUELA ATENEA,44M
METROPOLITANA DE SANTIAGO,CONCHALI,EL CORTIJO,ESCUELA PEDRO AGUIRRE CERDA,43V
METROPOLITANA DE SANTIAGO,CONCHALI,EL CORTIJO,LICEO MUNICIPAL ALMIRANTE GALVARINO RIVEROS ,54V
METROPOLITANA DE SANTIAGO,CONCHALI,EL CORTIJO,LICEO MUNICIPAL ALMIRANTE GALVARINO RIVEROS ,66V
METROPOLITANA DE SANTIAGO,CONCHALI,EL CORTIJO,LICEO MUNICIPAL ALMIRANTE GALVARINO RIVEROS ,68V
METROPOLITANA DE SANTIAGO,CONCHALI,LO NEGRETE,COLEGIO LIBERTADOR SAN MARTIN,88M
METROPOLITANA DE SANTIAGO,CONCHALI,LO NEGRETE,ESCUELA ARAUCARIAS DE CHILE,79M
METROPOLITANA DE SANTIAGO,CONCHALI,LO NEGRETE,ESCUELA AVIADOR DAGOBERTO GODOY F.,61M
METROPOLITANA DE SANTIAGO,CONCHALI,LO NEGRETE,ESCUELA AVIADOR DAGOBERTO GODOY F.,63M
METROPOLITANA DE SANTIAGO,CONCHALI,LO NEGRETE,ESCUELA DOCTORA ELOISA DIAZ INSUNZA LOCAL: 1 ,22V
METROPOLITANA DE SANTIAGO,CONCHALI,LO NEGRETE,ESCUELA DOCTORA ELOISA DIAZ INSUNZA LOCAL: 1 ,29V
METROPOLITANA DE SANTIAGO,CONCHALI,LO NEGRETE,ESCUELA DOCTORA ELOISA DIAZ INSUNZA LOCAL: 2,50V
METROPOLITANA DE SANTIAGO,CONCHALI,LO NEGRETE,ESCUELA HORACIO JOHNSON GANA,70V
METROPOLITANA DE SANTIAGO,CONCHALI,LO NEGRETE,ESCUELA PARTICULAR EL CARMEN,82V
METROPOLITANA DE SANTIAGO,CONCHALI,LO NEGRETE,ESCUELA UNESCO,10M
METROPOLITANA DE SANTIAGO,CONCHALI,LO NEGRETE,ESCUELA UNESCO,16M
METROPOLITANA DE SANTIAGO,CONCHALI,LO NEGRETE,ESCUELA VALLE DEL INCA,51M
METROPOLITANA DE SANTIAGO,CONCHALI,LO NEGRETE,LICEO POLIVALENTE ABDON CIFUENTES,4V
METROPOLITANA DE SANTIAGO,EL BOSQUE,CAPITAN AVALOS,ESCUELA BASICA NUESTRA SEÑORA MARIA INMACULADA ,52V
METROPOLITANA DE SANTIAGO,EL BOSQUE,CAPITAN AVALOS,ESCUELA BASICA NUESTRA SEÑORA MARIA INMACULADA ,57V
METROPOLITANA DE SANTIAGO,EL BOSQUE,CAPITAN AVALOS,LICEO CHRISTA MC AULIFFE LOCAL: 2,20M
METROPOLITANA DE SANTIAGO,EL BOSQUE,CAPITAN AVALOS,LICEO JUAN GOMEZ MILLAS LOCAL: 1,13V
METROPOLITANA DE SANTIAGO,EL BOSQUE,LUIS CRUZ MARTINEZ,COLEGIO BATALLA DE LA CONCEPCION,3M
METROPOLITANA DE SANTIAGO,EL BOSQUE,LUIS CRUZ MARTINEZ,COLEGIO BATALLA DE LA CONCEPCION,22M
METROPOLITANA DE SANTIAGO,EL BOSQUE,LUIS CRUZ MARTINEZ,COMPLEJO EDUCACIONAL PARTICULAR DE LAS ACACIAS LOCAL: 1,12V
METROPOLITANA DE SANTIAGO,EL BOSQUE,LUIS CRUZ MARTINEZ,ESCUELA CIUDAD DE LYON,60M
METROPOLITANA DE SANTIAGO,EL BOSQUE,LUIS CRUZ MARTINEZ,ESCUELA GENERAL ALBERTO A. BACHELET MARTINEZ,134
METROPOLITANA DE SANTIAGO,EL BOSQUE,LUIS CRUZ MARTINEZ,ESCUELA GENERAL ALBERTO A. BACHELET MARTINEZ,145
METROPOLITANA DE SANTIAGO,EL BOSQUE,LUIS CRUZ MARTINEZ,ESCUELA MARCIAL MARTINEZ FERRARI,112M
METROPOLITANA DE SANTIAGO,EL BOSQUE,LUIS CRUZ MARTINEZ,ESCUELA MARCIAL MARTINEZ FERRARI,131M
METROPOLITANA DE SANTIAGO,EL BOSQUE,LUIS CRUZ MARTINEZ,ESCUELA NEMESIO ANTUNEZ LOCAL: 1,78M
METROPOLITANA DE SANTIAGO,EL BOSQUE,LUIS CRUZ MARTINEZ,ESCUELA NEMESIO ANTUNEZ LOCAL: 2,99M
METROPOLITANA DE SANTIAGO,ESTACION CENTRAL,ALAMEDA,ESCUELA BASICA PACTO ANDINO LOCAL: 2,61M
METROPOLITANA DE SANTIAGO,ESTACION CENTRAL,ALAMEDA,ESCUELA BASICA PACTO ANDINO LOCAL: 2,71M
METROPOLITANA DE SANTIAGO,ESTACION CENTRAL,ALAMEDA,ESCUELA BASICA PACTO ANDINO LOCAL: 2,73M
METROPOLITANA DE SANTIAGO,ESTACION CENTRAL,ALAMEDA,ESCUELA BASICA PACTO ANDINO LOCAL: 2,80M
METROPOLITANA DE SANTIAGO,ESTACION CENTRAL,LAS AMERICAS,ESCUELA BASICA CAROLINA VERGARA AYARES D-276 LOCAL: 1,5M
METROPOLITANA DE SANTIAGO,ESTACION CENTRAL,LAS AMERICAS,ESCUELA BASICA CAROLINA VERGARA AYARES D-276 LOCAL: 1,16M
METROPOLITANA DE SANTIAGO,ESTACION CENTRAL,LAS AMERICAS,ESCUELA BASICA ESTADO DE PALESTINA LOCAL: 1,46M
METROPOLITANA DE SANTIAGO,ESTACION CENTRAL,LAS AMERICAS,ESCUELA BASICA UNION LATINOAMERICANA,26V
METROPOLITANA DE SANTIAGO,ESTACION CENTRAL,LAS AMERICAS,ESCUELA BASICA UNION LATINOAMERICANA,36V
METROPOLITANA DE SANTIAGO,HUECHURABA,HUECHURABA,CENTRO EDUCACIONAL DE HUECHURABA LOCAL: 1,1V
METROPOLITANA DE SANTIAGO,HUECHURABA,HUECHURABA,CENTRO EDUCACIONAL DE HUECHURABA LOCAL: 2,26V
METROPOLITANA DE SANTIAGO,HUECHURABA,HUECHURABA,ESCUELA SANTA VICTORIA DE HUECHURABA,57M
METROPOLITANA DE SANTIAGO,HUECHURABA,LOS LIBERTADORES,COLEGIO SAN FRANCISCO JAVIER DE HUECHURABA,45
METROPOLITANA DE SANTIAGO,INDEPENDENCIA,INDEPENDENCIA,LICEO GABRIELA MISTRAL LOCAL: 2,72M
METROPOLITANA DE SANTIAGO,INDEPENDENCIA,INDEPENDENCIA,LICEO MIGUEL RAFAEL PRADO LOCAL: 1,100M
METROPOLITANA DE SANTIAGO,INDEPENDENCIA,INDEPENDENCIA,LICEO MIGUEL RAFAEL PRADO LOCAL: 2,114M
METROPOLITANA DE SANTIAGO,INDEPENDENCIA,INDEPENDENCIA,LICEO MIGUEL RAFAEL PRADO LOCAL: 2,127
METROPOLITANA DE SANTIAGO,INDEPENDENCIA,INDEPENDENCIA,LICEO POLIVALENTE A-80 PRESIDENTE JOSE MANUEL BALMACEDA LOCAL: 2,38M
METROPOLITANA DE SANTIAGO,INDEPENDENCIA,INDEPENDENCIA,LICEO POLIVALENTE A-80 PRESIDENTE JOSE MANUEL BALMACEDA LOCAL: 2,48M
METROPOLITANA DE SANTIAGO,LA CISTERNA,LA CISTERNA,CENTRO DE EMPRENDIMIENTO,18M
METROPOLITANA DE SANTIAGO,LA CISTERNA,LA CISTERNA,COLEGIO PALESTINO,34V
METROPOLITANA DE SANTIAGO,LA CISTERNA,LA CISTERNA,ESCUELA BASICA OSCAR ENCALADA YOVANOVICH,51V
METROPOLITANA DE SANTIAGO,LA CISTERNA,LA CISTERNA,ESCUELA ESPERANZA JOVEN LOCAL: 1,96M
METROPOLITANA DE SANTIAGO,LA CISTERNA,LA CISTERNA,ESCUELA ESPERANZA JOVEN LOCAL: 1,99M
METROPOLITANA DE SANTIAGO,LA CISTERNA,LA CISTERNA,LICEO POLIVALENTE OLOF PALME,101V
METROPOLITANA DE SANTIAGO,LA FLORIDA,BELLAVISTA,COLEGIO PARTICULAR ALCANTARA DE LA CORDILLERA LOCAL: 2,37M
METROPOLITANA DE SANTIAGO,LA FLORIDA,BELLAVISTA,COLEGIO PARTICULAR PATRONA SEÑORA DE LOURDES,266
METROPOLITANA DE SANTIAGO,LA FLORIDA,BELLAVISTA,ESCUELA PARTICULAR ROSARIO CONCHA,107V
METROPOLITANA DE SANTIAGO,LA FLORIDA,BELLAVISTA,ESCUELA SANTA IRENE,237
METROPOLITANA DE SANTIAGO,LA FLORIDA,BELLAVISTA,GIMNASIO MUNICIPAL LOCAL: 1,188
METROPOLITANA DE SANTIAGO,LA FLORIDA,BELLAVISTA,LICEO BICENTENARIO DE EXCELENCIA BENJAMIN VICUÑA MACKENNA LOCAL: 2,81V
METROPOLITANA DE SANTIAGO,LA FLORIDA,BELLAVISTA,LICEO BICENTENARIO DE EXCELENCIA BENJAMIN VICUÑA MACKENNA LOCAL: 2,82V
METROPOLITANA DE SANTIAGO,LA FLORIDA,BELLAVISTA,LICEO BICENTENARIO DE EXCELENCIA BENJAMIN VICUÑA MACKENNA LOCAL: 3,98V
METROPOLITANA DE SANTIAGO,LA FLORIDA,SAN JOSE DE LA ESTRELLA,CENTRO EDUCACIONAL LA FLORIDA,47M
METROPOLITANA DE SANTIAGO,LA FLORIDA,SAN JOSE DE LA ESTRELLA,COLEGIO CAPITAN PASTENE LOCAL: 1,56M
METROPOLITANA DE SANTIAGO,LA FLORIDA,SAN JOSE DE LA ESTRELLA,COLEGIO CAPITAN PASTENE LOCAL: 1,59M
METROPOLITANA DE SANTIAGO,LA FLORIDA,SAN JOSE DE LA ESTRELLA,COLEGIO CAPITAN PASTENE LOCAL: 2,75M
METROPOLITANA DE SANTIAGO,LA FLORIDA,SAN JOSE DE LA ESTRELLA,COLEGIO CAPITAN PASTENE LOCAL: 2,78M
METROPOLITANA DE SANTIAGO,LA FLORIDA,SAN JOSE DE LA ESTRELLA,COLEGIO NOVA TERRA,124
METROPOLITANA DE SANTIAGO,LA FLORIDA,SAN JOSE DE LA ESTRELLA,ESCUELA LAS LILAS LOCAL: 1,13V
METROPOLITANA DE SANTIAGO,LA FLORIDA,SAN JOSE DE LA ESTRELLA,ESCUELA OSCAR CASTRO,86V
METROPOLITANA DE SANTIAGO,LA FLORIDA,SAN JOSE DE LA ESTRELLA,LICEO ALTO CORDILLERA DE LA FLORIDA LOCAL: 1,34V
METROPOLITANA DE SANTIAGO,LA FLORIDA,SAN JOSE DE LA ESTRELLA,LICEO ALTO CORDILLERA DE LA FLORIDA LOCAL: 2,60V
METROPOLITANA DE SANTIAGO,LA FLORIDA,SAN JOSE DE LA ESTRELLA,LICEO ALTO CORDILLERA DE LA FLORIDA LOCAL: 2,73V
METROPOLITANA DE SANTIAGO,LA FLORIDA,TRINIDAD,COLEGIO ALICANTE DE LA FLORIDA,92M
METROPOLITANA DE SANTIAGO,LA FLORIDA,TRINIDAD,COLEGIO DIVINA PASTORA LOCAL: 1,6M
METROPOLITANA DE SANTIAGO,LA FLORIDA,TRINIDAD,COLEGIO DIVINA PASTORA LOCAL: 2,34M
METROPOLITANA DE SANTIAGO,LA FLORIDA,TRINIDAD,COLEGIO LICARAYEN,139
METROPOLITANA DE SANTIAGO,LA FLORIDA,TRINIDAD,COLEGIO PARTICULAR NEW LITTLE COLLEGE,36V
METROPOLITANA DE SANTIAGO,LA FLORIDA,TRINIDAD,COLEGIO SAN DAMIAN LOCAL: 2,127
METROPOLITANA DE SANTIAGO,LA FLORIDA,TRINIDAD,ESCUELA SOTERO DEL RIO LOCAL: 1,8V
METROPOLITANA DE SANTIAGO,LA FLORIDA,TRINIDAD,ESCUELA SOTERO DEL RIO LOCAL: 1,13V
METROPOLITANA DE SANTIAGO,LA FLORIDA,TRINIDAD,LICEO POLIVALENTE LOS ALMENDROS LOCAL: 2,74V
METROPOLITANA DE SANTIAGO,LA GRANJA,LA GRANJA,COLEGIO CHRISTIAN GARDEN SCHOOL,121M
METROPOLITANA DE SANTIAGO,LA GRANJA,LA GRANJA,COLEGIO CHRISTIAN GARDEN SCHOOL,135M
METROPOLITANA DE SANTIAGO,LA GRANJA,LA GRANJA,COLEGIO MUNICIPAL PROCERES DE CHILE,54V
METROPOLITANA DE SANTIAGO,LA GRANJA,LA GRANJA,ESCUELA BASICA ISLAS DE CHILE,154
METROPOLITANA DE SANTIAGO,LA GRANJA,LA GRANJA,ESCUELA BASICA LA ARAUCANIA,74M
METROPOLITANA DE SANTIAGO,LA GRANJA,LA GRANJA,ESCUELA BASICA LA ARAUCANIA,77M
METROPOLITANA DE SANTIAGO,LA GRANJA,LA GRANJA,ESCUELA BASICA SANITAS,169
METROPOLITANA DE SANTIAGO,LA GRANJA,LA GRANJA,ESCUELA BELGICA,8V
METROPOLITANA DE SANTIAGO,LA GRANJA,LA GRANJA,LICEO DOCTOR ALEJANDRO DEL RIO,25M
METROPOLITANA DE SANTIAGO,LA GRANJA,LA GRANJA,LICEO MALAQUIAS CONCHA LOCAL: 1,73V
METROPOLITANA DE SANTIAGO,LA GRANJA,LA GRANJA,LICEO MUNICIPAL LA GRANJA POETA NERUDA,26V
METROPOLITANA DE SANTIAGO,LA GRANJA,LA GRANJA,LICEO POLIVALENTE FRANCISCO FRIAS VALENZUELA,47V
METROPOLITANA DE SANTIAGO,LA GRANJA,LA GRANJA,LICEO TECNICO PROFESIONAL PATRICIO AYLWIN AZOCAR LOCAL: 2,104M
METROPOLITANA DE SANTIAGO,LA PINTANA,LA PINTANA,COLEGIO NERUDA ,64V
METROPOLITANA DE SANTIAGO,LA PINTANA,LA PINTANA,COLEGIO SIMON BOLIVAR,24V
METROPOLITANA DE SANTIAGO,LA PINTANA,LA PINTANA,COLEGIO TECNICO PROFESIONAL NOCEDAL,236
METROPOLITANA DE SANTIAGO,LA PINTANA,LA PINTANA,COLEGIO TECNICO PROFESIONAL NOCEDAL,238-247
METROPOLITANA DE SANTIAGO,LA PINTANA,LA PINTANA,ESCUELA BASICA JUAN DE DIOS ALDEA,3V
METROPOLITANA DE SANTIAGO,LA PINTANA,LA PINTANA,ESCUELA BASICA JUAN DE DIOS ALDEA,9V
METROPOLITANA DE SANTIAGO,LA PINTANA,LA PINTANA,ESCUELA CAPITAN AVALOS LOCAL: 1,72V
METROPOLITANA DE SANTIAGO,LA PINTANA,LA PINTANA,ESCUELA PARTICULAR PRESIDENTE JOSE JOAQUIN PRIETO LOCAL: 1,121M-152
METROPOLITANA DE SANTIAGO,LA PINTANA,LA PINTANA,ESCUELA PARTICULAR PRESIDENTE JOSE JOAQUIN PRIETO LOCAL: 1,128M-173
METROPOLITANA DE SANTIAGO,LA PINTANA,LA PINTANA,ESCUELA PARTICULAR PRESIDENTE JOSE JOAQUIN PRIETO LOCAL: 1,130M
METROPOLITANA DE SANTIAGO,LA PINTANA,LA PINTANA,ESCUELA PARTICULAR PRESIDENTE JOSE JOAQUIN PRIETO LOCAL: 1,131M
METROPOLITANA DE SANTIAGO,LA PINTANA,LA PINTANA,ESCUELA PARTICULAR PRESIDENTE JOSE JOAQUIN PRIETO LOCAL: 1,293
METROPOLITANA DE SANTIAGO,LA PINTANA,LA PINTANA,ESCUELA PARTICULAR PRESIDENTE JOSE JOAQUIN PRIETO LOCAL: 2,274
METROPOLITANA DE SANTIAGO,LA PINTANA,LA PINTANA,ESCUELA PARTICULAR PRESIDENTE JOSE JOAQUIN PRIETO LOCAL: 2,281
METROPOLITANA DE SANTIAGO,LA PINTANA,LA PINTANA,LICEO VICTOR JARA,40M
METROPOLITANA DE SANTIAGO,LA PINTANA,OBSERVATORIO,COLEGIO SANTO TOMAS,100
METROPOLITANA DE SANTIAGO,LA PINTANA,OBSERVATORIO,COLEGIO SANTO TOMAS,104
METROPOLITANA DE SANTIAGO,LA PINTANA,OBSERVATORIO,COLEGIO TECNICO PROFESIONAL APRENDER,128
METROPOLITANA DE SANTIAGO,LA PINTANA,OBSERVATORIO,ESCUELA BASICA PROFESORA AURELIA ROJAS BURGOS,3
METROPOLITANA DE SANTIAGO,LA PINTANA,OBSERVATORIO,ESCUELA BASICA PROFESORA AURELIA ROJAS BURGOS,16
METROPOLITANA DE SANTIAGO,LA PINTANA,OBSERVATORIO,ESCUELA BASICA PROFESORA AURELIA ROJAS BURGOS,23
METROPOLITANA DE SANTIAGO,LA PINTANA,OBSERVATORIO,LICEO MUNICIPAL EL ROBLE,31
METROPOLITANA DE SANTIAGO,LA PINTANA,OBSERVATORIO,LICEO SERGIO SILVA BASCUÑAN,73
METROPOLITANA DE SANTIAGO,LA PINTANA,OBSERVATORIO,LICEO SERGIO SILVA BASCUÑAN,75
METROPOLITANA DE SANTIAGO,LA REINA,LA REINA,COLEGIO DE LA SALLE,1M
METROPOLITANA DE SANTIAGO,LA REINA,LA REINA,COLEGIO PARTICULAR SAGRADO CORAZON DE JESUS DE LA REINA,115V
METROPOLITANA DE SANTIAGO,LA REINA,LA REINA,COLEGIO TERESIANO ENRIQUE DE OSSO LOCAL: 1,101M
METROPOLITANA DE SANTIAGO,LA REINA,LA REINA,COMPLEJO EDUCACIONAL LA REINA SECCION BASICA,46V
METROPOLITANA DE SANTIAGO,LA REINA,LA REINA,COMPLEJO EDUCACIONAL LA REINA SECCION MEDIA LOCAL: 1,10V
METROPOLITANA DE SANTIAGO,LAS CONDES,APOQUINDO,COLEGIO DEL SAGRADO CORAZON APOQUINDO LOCAL: 2,196M
METROPOLITANA DE SANTIAGO,LAS CONDES,APOQUINDO,COLEGIO DEL SAGRADO CORAZON APOQUINDO LOCAL: 2,209M
METROPOLITANA DE SANTIAGO,LAS CONDES,APOQUINDO,COLEGIO DIFERENCIAL PAUL HARRIS,156M
METROPOLITANA DE SANTIAGO,LAS CONDES,APOQUINDO,COLEGIO LEONARDO DA VINCI DE LAS CONDES,167V
METROPOLITANA DE SANTIAGO,LAS CONDES,APOQUINDO,COLEGIO MUNICIPAL DE LAS CONDES,280
METROPOLITANA DE SANTIAGO,LAS CONDES,APOQUINDO,COLEGIO MUNICIPAL DE LAS CONDES,281
METROPOLITANA DE SANTIAGO,LAS CONDES,APOQUINDO,COLEGIO REDLAND SCHOOL ,291
METROPOLITANA DE SANTIAGO,LAS CONDES,APOQUINDO,COLEGIO REDLAND SCHOOL ,297
METROPOLITANA DE SANTIAGO,LAS CONDES,APOQUINDO,COLEGIO SAN FRANCISCO DEL ALBA LOCAL: 2,256
METROPOLITANA DE SANTIAGO,LAS CONDES,APOQUINDO,COLEGIO SAN FRANCISCO DEL ALBA LOCAL: 2,263
METROPOLITANA DE SANTIAGO,LAS CONDES,APOQUINDO,COLEGIO SAN FRANCISCO LOS DOMINICOS,149M
METROPOLITANA DE SANTIAGO,LAS CONDES,APOQUINDO,COLEGIO SEMINARIO PONTIFICIO MENOR LOCAL: 1,17M
METROPOLITANA DE SANTIAGO,LAS CONDES,APOQUINDO,LICEO BICENTENARIO SIMON BOLIVAR LOCAL: 2,20V
METROPOLITANA DE SANTIAGO,LAS CONDES,APOQUINDO,LICEO JUAN PABLO II DE LAS CONDES LOCAL: 1,121V
METROPOLITANA DE SANTIAGO,LAS CONDES,EL GOLF,CENTRO DEPORTIVO ROLF NATHAN ,155
METROPOLITANA DE SANTIAGO,LAS CONDES,EL GOLF,COLEGIO ALCAZAR DE LAS CONDES LOCAL: 2,40V
METROPOLITANA DE SANTIAGO,LO BARNECHEA,LO BARNECHEA,THE NEWLAND SCHOOL LOCAL: 1,4V
METROPOLITANA DE SANTIAGO,LO ESPEJO,ESTACION LO ESPEJO,ESCUELA BASICA REPUBLICA DE LAS FILIPINAS,47V
METROPOLITANA DE SANTIAGO,LO ESPEJO,ESTACION LO ESPEJO,ESCUELA BLUE STAR COLLEGE,7V
METROPOLITANA DE SANTIAGO,LO ESPEJO,ESTACION LO ESPEJO,ESCUELA BLUE STAR COLLEGE,12V
METROPOLITANA DE SANTIAGO,LO ESPEJO,ESTACION LO ESPEJO,LICEO TENIENTE FRANCISCO MERY AGUIRRE,8M
METROPOLITANA DE SANTIAGO,LO ESPEJO,LO VALLEDOR,CENTRO EDUCACIONAL CARDENAL JOSE MARIA CARO,46V
METROPOLITANA DE SANTIAGO,LO ESPEJO,LO VALLEDOR,CENTRO EDUCACIONAL CARDENAL JOSE MARIA CARO,58V
METROPOLITANA DE SANTIAGO,LO ESPEJO,LO VALLEDOR,CENTRO EDUCACIONAL CARDENAL JOSE MARIA CARO,61V-90
METROPOLITANA DE SANTIAGO,LO ESPEJO,LO VALLEDOR,ESCUELA ALICIA ARIZTIA DE SILVA,6M
METROPOLITANA DE SANTIAGO,LO ESPEJO,LO VALLEDOR,ESCUELA BASICA ACAPULCO,27M
METROPOLITANA DE SANTIAGO,LO ESPEJO,LO VALLEDOR,ESCUELA BASICA ACAPULCO,37M
METROPOLITANA DE SANTIAGO,LO ESPEJO,LO VALLEDOR,LICEO POLIVALENTE,70M
METROPOLITANA DE SANTIAGO,LO PRADO,LO PRADO,COLEGIO MUSTAFA KEMAL ATATURK,106V
METROPOLITANA DE SANTIAGO,LO PRADO,LO PRADO,COMPLEJO EDUCACIONAL PEDRO PRADO,15M
METROPOLITANA DE SANTIAGO,LO PRADO,LO PRADO,COMPLEJO EDUCACIONAL PEDRO PRADO,18M
METROPOLITANA DE SANTIAGO,LO PRADO,LO PRADO,ESCUELA BAU,138
METROPOLITANA DE SANTIAGO,LO PRADO,LO PRADO,ESCUELA BAU,148
METROPOLITANA DE SANTIAGO,LO PRADO,LO PRADO,ESCUELA JAIME GOMEZ GARCIA LOCAL: 2,86M
METROPOLITANA DE SANTIAGO,LO PRADO,LO PRADO,ESCUELA SOR TERESA DE LOS ANDES,42M
METROPOLITANA DE SANTIAGO,LO PRADO,LO PRADO,ESCUELA SOR TERESA DE LOS ANDES,44M
METROPOLITANA DE SANTIAGO,LO PRADO,LO PRADO,LICEO TENIENTE DAGOBERTO GODOY N°3,116M
METROPOLITANA DE SANTIAGO,LO PRADO,LO PRADO,LICEO TENIENTE DAGOBERTO GODOY N°3,117M
METROPOLITANA DE SANTIAGO,LO PRADO,LO PRADO,LICEO TENIENTE DAGOBERTO GODOY N°3,133M
METROPOLITANA DE SANTIAGO,MACUL,JOSE PEDRO ALESSANDRI,LICEO MUNICIPALIZADO MANUEL ROJAS,75
METROPOLITANA DE SANTIAGO,MACUL,JOSE PEDRO ALESSANDRI,LICEO POLIVALENTE MERCEDES MARIN DEL SOLAR LOCAL: 1,2M
METROPOLITANA DE SANTIAGO,MACUL,JOSE PEDRO ALESSANDRI,LICEO POLIVALENTE MERCEDES MARIN DEL SOLAR LOCAL: 1,1V
METROPOLITANA DE SANTIAGO,MACUL,JOSE PEDRO ALESSANDRI,LICEO POLIVALENTE MERCEDES MARIN DEL SOLAR LOCAL: 1,4V
METROPOLITANA DE SANTIAGO,MACUL,MACUL,COLEGIO SAN MARCOS,82V
METROPOLITANA DE SANTIAGO,MACUL,MACUL,ESCUELA JOSE BERNARDO SUAREZ,7V
METROPOLITANA DE SANTIAGO,MACUL,MACUL,ESTADIO MONUMENTAL LOCAL: 1,4M
METROPOLITANA DE SANTIAGO,MACUL,MACUL,LICEO SALESIANO CAMILO ORTUZAR MONTT LOCAL: 1,98M
METROPOLITANA DE SANTIAGO,MACUL,MACUL,LICEO SALESIANO CAMILO ORTUZAR MONTT LOCAL: 1,101M
METROPOLITANA DE SANTIAGO,MACUL,MACUL,LICEO VILLA MACUL ACADEMIA LOCAL: 1,58M
METROPOLITANA DE SANTIAGO,MACUL,MACUL,LICEO VILLA MACUL ACADEMIA LOCAL: 2,76M
METROPOLITANA DE SANTIAGO,MAIPU,LOS PAJARITOS,COLEGIO SANTA MARIA DE MAIPU LOCAL: 1,17M
METROPOLITANA DE SANTIAGO,MAIPU,LOS PAJARITOS,ESCUELA BASICA ECHAURREN N°2,171
METROPOLITANA DE SANTIAGO,MAIPU,LOS PAJARITOS,LICEO BICENTENARIO DE NIÑAS DE MAIPU LOCAL: 1,51
METROPOLITANA DE SANTIAGO,MAIPU,LOS PAJARITOS,LICEO BICENTENARIO DE NIÑAS DE MAIPU LOCAL: 2,77
METROPOLITANA DE SANTIAGO,MAIPU,MAIPU,CENTRO DE EDUCACION TECNICO PROFESIONAL CODEDUC LOCAL: 1,45V
METROPOLITANA DE SANTIAGO,MAIPU,MAIPU,COLEGIO DE LA PROVIDENCIA CARMELA LARRAIN DE INFANTE,55M
METROPOLITANA DE SANTIAGO,MAIPU,MAIPU,COMPLEJO EDUCACIONAL MAIPU,16V
METROPOLITANA DE SANTIAGO,MAIPU,MAIPU,ESCUELA BASICA 1737 LOS ALERCES DE MAIPU LOCAL: 1,32M
METROPOLITANA DE SANTIAGO,MAIPU,MAIPU,ESCUELA BASICA 1737 LOS ALERCES DE MAIPU LOCAL: 2,45M
METROPOLITANA DE SANTIAGO,MAIPU,MAIPU,ESCUELA BASICA 1737 LOS ALERCES DE MAIPU LOCAL: 2,48M
METROPOLITANA DE SANTIAGO,MAIPU,MAIPU,ESCUELA BASICA 263 RAMON FREIRE,203M
METROPOLITANA DE SANTIAGO,MAIPU,MAIPU,ESCUELA BASICA 263 RAMON FREIRE,204M
METROPOLITANA DE SANTIAGO,MAIPU,MAIPU,ESCUELA BASICA LOS BOSQUINOS,241V
METROPOLITANA DE SANTIAGO,MAIPU,MAIPU,ESCUELA GENERAL SAN MARTIN,5M
METROPOLITANA DE SANTIAGO,MAIPU,MAIPU,ESCUELA GENERAL SAN MARTIN,19M
METROPOLITANA DE SANTIAGO,MAIPU,MAIPU,ESCUELA PRESIDENTE RIESCO ERRAZURIZ LOCAL: 1,82M
METROPOLITANA DE SANTIAGO,MAIPU,MAIPU,ESCUELA PRESIDENTE RIESCO ERRAZURIZ LOCAL: 2,115M
METROPOLITANA DE SANTIAGO,MAIPU,MAIPU,ESCUELA PRESIDENTE RIESCO ERRAZURIZ LOCAL: 2,117M
METROPOLITANA DE SANTIAGO,MAIPU,MAIPU,ESCUELA TOMAS VARGAS LOCAL: 2,209V
METROPOLITANA DE SANTIAGO,MAIPU,MAIPU,ESCUELA VICENTE REYES PALAZUELOS,148M
METROPOLITANA DE SANTIAGO,MAIPU,MAIPU,ESCUELA VICENTE REYES PALAZUELOS,149M
METROPOLITANA DE SANTIAGO,MAIPU,MAIPU,ESCUELA VICENTE REYES PALAZUELOS,153M
METROPOLITANA DE SANTIAGO,MAIPU,MAIPU,ESCUELA VICENTE REYES PALAZUELOS,156M
METROPOLITANA DE SANTIAGO,MAIPU,MAIPU,ESCUELA VICENTE REYES PALAZUELOS,162M
METROPOLITANA DE SANTIAGO,MAIPU,MAIPU,GIMNASIO MUNICIPAL,103V
METROPOLITANA DE SANTIAGO,MAIPU,MAIPU,LICEO INDUSTRIAL DOMINGO MATTE PEREZ,123M
METROPOLITANA DE SANTIAGO,MAIPU,MAIPU,LICEO JOSE IGNACIO ZENTENO LOCAL: 1,156V
METROPOLITANA DE SANTIAGO,MAIPU,MAIPU,LICEO JOSE IGNACIO ZENTENO LOCAL: 2,170V
METROPOLITANA DE SANTIAGO,MAIPU,MAIPU,POLIDEPORTIVO OLIMPICO,74V
METROPOLITANA DE SANTIAGO,MAIPU,MAIPU PONIENTE,COLEGIO JACQUES COUSTEAU LOCAL: 1,21V
METROPOLITANA DE SANTIAGO,MAIPU,MAIPU PONIENTE,COLEGIO JACQUES COUSTEAU LOCAL: 2,33V
METROPOLITANA DE SANTIAGO,MAIPU,MAIPU PONIENTE,COLEGIO POLIVALENTE DIEGO PORTALES DE MAIPU,213
METROPOLITANA DE SANTIAGO,MAIPU,MAIPU PONIENTE,COLEGIO SAN JUAN DIEGO DE GUADALUPE,194
METROPOLITANA DE SANTIAGO,MAIPU,MAIPU PONIENTE,LICEO NACIONAL DE MAIPU LOCAL: 1,2M
METROPOLITANA DE SANTIAGO,MAIPU,MAIPU PONIENTE,LICEO NACIONAL DE MAIPU LOCAL: 1,7M
METROPOLITANA DE SANTIAGO,MAIPU,MAIPU PONIENTE,LICEO NACIONAL DE MAIPU LOCAL: 3,44M
METROPOLITANA DE SANTIAGO,MAIPU,MAIPU PONIENTE,LICEO TECNOLOGICO BICENTENARIO ENRIQUE KIRBERG BALTIANSKY LOCAL: 2,105
METROPOLITANA DE SANTIAGO,MAIPU,MAIPU PONIENTE,LICEO TECNOLOGICO BICENTENARIO ENRIQUE KIRBERG BALTIANSKY LOCAL: 3,108
METROPOLITANA DE SANTIAGO,ÑUÑOA,ESTADIO NACIONAL,LICEO CARMELA SILVA DONOSO LOCAL: 4,56M
METROPOLITANA DE SANTIAGO,ÑUÑOA,ESTADIO NACIONAL,LICEO JOSE TORIBIO MEDINA,71V
METROPOLITANA DE SANTIAGO,ÑUÑOA,PLAZA EGAÑA,COLEGIO SANTA MARTA,60V
METROPOLITANA DE SANTIAGO,ÑUÑOA,PLAZA EGAÑA,ESCUELA BENJAMIN CLARO VELASCO,61M
METROPOLITANA DE SANTIAGO,ÑUÑOA,PLAZA EGAÑA,ESCUELA DIFERENCIAL MUNICIPAL AMAPOLAS,73V
METROPOLITANA DE SANTIAGO,ÑUÑOA,PLAZA EGAÑA,ESCUELA REPUBLICA DE SIRIA,9V
METROPOLITANA DE SANTIAGO,ÑUÑOA,PLAZA ÑUÑOA,ESCUELA BASICA JOSE TORIBIO MEDINA ,7M
METROPOLITANA DE SANTIAGO,ÑUÑOA,PLAZA ÑUÑOA,ESCUELA BASICA JOSE TORIBIO MEDINA ,20M
METROPOLITANA DE SANTIAGO,ÑUÑOA,PLAZA ÑUÑOA,LICEO EXPERIMENTAL MANUEL DE SALAS LOCAL: 2,80M
METROPOLITANA DE SANTIAGO,ÑUÑOA,PLAZA ÑUÑOA,LICEO EXPERIMENTAL MANUEL DE SALAS LOCAL: 2,84M
METROPOLITANA DE SANTIAGO,ÑUÑOA,PLAZA ÑUÑOA,LICEO REPUBLICA DE SIRIA,62V
METROPOLITANA DE SANTIAGO,PEDRO AGUIRRE CERDA,P AGUIRRE CERDA N.,CENTRO EDUCATIVO REPUBLICA MEXICANA LOCAL: 1,33V
METROPOLITANA DE SANTIAGO,PEDRO AGUIRRE CERDA,P AGUIRRE CERDA N.,CENTRO EDUCATIVO REPUBLICA MEXICANA LOCAL: 1,43V
METROPOLITANA DE SANTIAGO,PEDRO AGUIRRE CERDA,P AGUIRRE CERDA N.,CENTRO EDUCATIVO REPUBLICA MEXICANA LOCAL: 2,52V
METROPOLITANA DE SANTIAGO,PEDRO AGUIRRE CERDA,P AGUIRRE CERDA N.,CENTRO EDUCATIVO REPUBLICA MEXICANA LOCAL: 2,58V
METROPOLITANA DE SANTIAGO,PEDRO AGUIRRE CERDA,P AGUIRRE CERDA N.,ESCUELA LA VICTORIA,11V
METROPOLITANA DE SANTIAGO,PEDRO AGUIRRE CERDA,P AGUIRRE CERDA N.,ESCUELA PARTICULAR ROCIO DE LOS ANGELES,62M
METROPOLITANA DE SANTIAGO,PEDRO AGUIRRE CERDA,P AGUIRRE CERDA N.,ESCUELA POETAS DE CHILE,12M
METROPOLITANA DE SANTIAGO,PEDRO AGUIRRE CERDA,P AGUIRRE CERDA N.,ESTABLECIMIENTO EDUCATIVO PARTICULAR ARCANGEL GABRIEL N°2,53M
METROPOLITANA DE SANTIAGO,PEDRO AGUIRRE CERDA,P AGUIRRE CERDA S.,COLEGIO GRACE SCHOOL,76M
METROPOLITANA DE SANTIAGO,PEDRO AGUIRRE CERDA,P AGUIRRE CERDA S.,COLEGIO PARQUE LAS AMERICAS LOCAL: 1,4V
METROPOLITANA DE SANTIAGO,PEDRO AGUIRRE CERDA,P AGUIRRE CERDA S.,COLEGIO PARQUE LAS AMERICAS LOCAL: 1,5V
METROPOLITANA DE SANTIAGO,PEDRO AGUIRRE CERDA,P AGUIRRE CERDA S.,COLEGIO PARQUE LAS AMERICAS LOCAL: 2,24V
METROPOLITANA DE SANTIAGO,PEDRO AGUIRRE CERDA,P AGUIRRE CERDA S.,ESCUELA BASICA RICARDO EDUARDO LATCHAM,56M
METROPOLITANA DE SANTIAGO,PEDRO AGUIRRE CERDA,P AGUIRRE CERDA S.,ESCUELA BOROA,98M
METROPOLITANA DE SANTIAGO,PEDRO AGUIRRE CERDA,P AGUIRRE CERDA S.,ESCUELA CONSOLIDADA DAVILA,22M
METROPOLITANA DE SANTIAGO,PEDRO AGUIRRE CERDA,P AGUIRRE CERDA S.,ESCUELA LO VALLEDOR ,50M
METROPOLITANA DE SANTIAGO,PEDRO AGUIRRE CERDA,P AGUIRRE CERDA S.,ESCUELA VILLA SUR,31M
METROPOLITANA DE SANTIAGO,PEDRO AGUIRRE CERDA,P AGUIRRE CERDA S.,ESCUELA VILLA SUR,38M
METROPOLITANA DE SANTIAGO,PEÑALOLEN,CONSISTORIAL,ESCUELA BASICA PARTICULAR 1650 MIRAVALLE LOCAL: 1,39
METROPOLITANA DE SANTIAGO,PEÑALOLEN,CONSISTORIAL,ESCUELA BASICA PARTICULAR 1650 MIRAVALLE LOCAL: 1,45
METROPOLITANA DE SANTIAGO,PEÑALOLEN,CONSISTORIAL,ESCUELA JUAN BAUTISTA PASTENE,6M
METROPOLITANA DE SANTIAGO,PEÑALOLEN,CONSISTORIAL,ESCUELA JUAN BAUTISTA PASTENE,11M
METROPOLITANA DE SANTIAGO,PEÑALOLEN,CONSISTORIAL,ESCUELA SAN JOSE OBRERO,67
METROPOLITANA DE SANTIAGO,PEÑALOLEN,CONSISTORIAL,ESCUELA UNION NACIONAL ARABE,106
METROPOLITANA DE SANTIAGO,PEÑALOLEN,PEÑALOLEN,CENTRO EDUCACIONAL MARIANO EGAÑA LOCAL: 1,85M
METROPOLITANA DE SANTIAGO,PEÑALOLEN,PEÑALOLEN,CENTRO EDUCACIONAL MARIANO EGAÑA LOCAL: 1,90M
METROPOLITANA DE SANTIAGO,PEÑALOLEN,PEÑALOLEN,CENTRO EDUCACIONAL MARIANO EGAÑA LOCAL: 1,93M
METROPOLITANA DE SANTIAGO,PEÑALOLEN,PEÑALOLEN,CENTRO EDUCACIONAL MARIANO EGAÑA LOCAL: 2,108M
METROPOLITANA DE SANTIAGO,PEÑALOLEN,PEÑALOLEN,ESCUELA PARTICULAR SANTA VICTORIA,142M
METROPOLITANA DE SANTIAGO,PEÑALOLEN,PEÑALOLEN,ESCUELA SANTA MARIA DE PEÑALOLEN,112V
METROPOLITANA DE SANTIAGO,PEÑALOLEN,PEÑALOLEN,LICEO ANTONIO HERMIDA FABRES LOCAL: 1,61V
METROPOLITANA DE SANTIAGO,PEÑALOLEN,PEÑALOLEN,LICEO ANTONIO HERMIDA FABRES LOCAL: 2,74V
METROPOLITANA DE SANTIAGO,PEÑALOLEN,SAN LUIS,CENTRO EDUCACIONAL EDUARDO DE LA BARRA LOCAL: 2,29M
METROPOLITANA DE SANTIAGO,PEÑALOLEN,SAN LUIS,COLEGIO PARTICULAR JORGE PRIETO LETELIER ,38V
METROPOLITANA DE SANTIAGO,PEÑALOLEN,SAN LUIS,COLEGIO PARTICULAR JORGE PRIETO LETELIER ,39V
METROPOLITANA DE SANTIAGO,PROVIDENCIA,PROVIDENCIA,COLEGIO DE LOS SAGRADOS CORAZONES PROVIDENCIA LOCAL: 2,293
METROPOLITANA DE SANTIAGO,PROVIDENCIA,PROVIDENCIA,COLEGIO PARTICULAR REGINA PACIS,276
METROPOLITANA DE SANTIAGO,PROVIDENCIA,PROVIDENCIA,COLEGIO SAN IGNACIO EL BOSQUE LOCAL: 1,201M
METROPOLITANA DE SANTIAGO,PROVIDENCIA,PROVIDENCIA,COLEGIO SAN IGNACIO EL BOSQUE LOCAL: 1,214M
METROPOLITANA DE SANTIAGO,PROVIDENCIA,PROVIDENCIA,ESCUELA PROVIDENCIA,119M
METROPOLITANA DE SANTIAGO,PROVIDENCIA,PROVIDENCIA,INSTITUTO DE HUMANIDADES LUIS CAMPINO LOCAL: 2,93M
METROPOLITANA DE SANTIAGO,PUDAHUEL,CIUDAD DE LOS VALLES,COLEGIO MANQUECURA CIUDAD DE LOS VALLES,17
METROPOLITANA DE SANTIAGO,PUDAHUEL,CIUDAD DE LOS VALLES,COLEGIO MANQUECURA CIUDAD DE LOS VALLES,20
METROPOLITANA DE SANTIAGO,PUDAHUEL,PUDAHUEL,CENTRO EDUCACIONAL PUDAHUEL,90V
METROPOLITANA DE SANTIAGO,PUDAHUEL,PUDAHUEL,CENTRO EDUCACIONAL PUDAHUEL,102V
METROPOLITANA DE SANTIAGO,PUDAHUEL,PUDAHUEL,COLEGIO FINLANDIA,190
METROPOLITANA DE SANTIAGO,PUDAHUEL,PUDAHUEL,ESCUELA ALBERT EINSTEIN LOCAL: 1,153
METROPOLITANA DE SANTIAGO,PUDAHUEL,PUDAHUEL,ESCUELA ALBERT EINSTEIN LOCAL: 2,168
METROPOLITANA DE SANTIAGO,PUDAHUEL,PUDAHUEL,ESCUELA BASICA MELVIN JONES LOCAL: 1,119V
METROPOLITANA DE SANTIAGO,PUDAHUEL,PUDAHUEL,ESCUELA BASICA MELVIN JONES LOCAL: 2,140
METROPOLITANA DE SANTIAGO,PUDAHUEL,PUDAHUEL,ESCUELA EL SALITRE ,20V
METROPOLITANA DE SANTIAGO,PUDAHUEL,PUDAHUEL,ESCUELA EL SALITRE ,28V
METROPOLITANA DE SANTIAGO,PUDAHUEL,PUDAHUEL,ESCUELA ESTADO DE FLORIDA,50M
METROPOLITANA DE SANTIAGO,PUDAHUEL,PUDAHUEL,ESCUELA ESTRELLA DE CHILE LOCAL: 1,101M
METROPOLITANA DE SANTIAGO,PUDAHUEL,PUDAHUEL,ESCUELA MONSEÑOR CARLOS OVIEDO ,4M
METROPOLITANA DE SANTIAGO,PUDAHUEL,PUDAHUEL,ESCUELA MONSEÑOR CARLOS OVIEDO ,6M
METROPOLITANA DE SANTIAGO,PUDAHUEL,PUDAHUEL,ESCUELA TENIENTE HERNAN MERINO CORREA ,55V
METROPOLITANA DE SANTIAGO,PUDAHUEL,PUDAHUEL,ESCUELA TENIENTE HERNAN MERINO CORREA ,59V
METROPOLITANA DE SANTIAGO,PUDAHUEL,PUDAHUEL SUR,COLEGIO POLIVALENTE GERONIMO DE ALDERETE,69
METROPOLITANA DE SANTIAGO,PUDAHUEL,PUDAHUEL SUR,COLEGIO POLIVALENTE GERONIMO DE ALDERETE,74
METROPOLITANA DE SANTIAGO,PUDAHUEL,PUDAHUEL SUR,COLEGIO SAN ALBERTO HURTADO DE PUDAHUEL,79
METROPOLITANA DE SANTIAGO,PUDAHUEL,PUDAHUEL SUR,ESCUELA PUERTO FUTURO,48
METROPOLITANA DE SANTIAGO,PUDAHUEL,PUDAHUEL SUR,LICEO MONSEÑOR ENRIQUE ALVEAR BASICA,1V
METROPOLITANA DE SANTIAGO,PUDAHUEL,PUDAHUEL SUR,LICEO MONSEÑOR ENRIQUE ALVEAR BASICA,8V
METROPOLITANA DE SANTIAGO,PUDAHUEL,PUDAHUEL SUR,LICEO MONSEÑOR ENRIQUE ALVEAR MEDIA LOCAL: 2,28M
METROPOLITANA DE SANTIAGO,QUILICURA,QUILICURA,COLEGIO PALMARES,66V
METROPOLITANA DE SANTIAGO,QUILICURA,QUILICURA,COLEGIO PALMARES,71V
METROPOLITANA DE SANTIAGO,QUILICURA,QUILICURA,COLEGIO PARTICULAR MELFORD COLLEGE,63M
METROPOLITANA DE SANTIAGO,QUILICURA,QUILICURA,COLEGIO PARTICULAR MELFORD COLLEGE,75M
METROPOLITANA DE SANTIAGO,QUILICURA,QUILICURA,COLEGIO PARTICULAR NOVO MUNDO,202
METROPOLITANA DE SANTIAGO,QUILICURA,QUILICURA,COLEGIO SAN ADRIAN DE QUILICURA,324-325-326
METROPOLITANA DE SANTIAGO,QUILICURA,QUILICURA,COLEGIO SAN CARLOS DE QUILICURA,213
METROPOLITANA DE SANTIAGO,QUILICURA,QUILICURA,COLEGIO SAN CARLOS DE QUILICURA,214
METROPOLITANA DE SANTIAGO,QUILICURA,QUILICURA,COLEGIO SAN CARLOS DE QUILICURA,221
METROPOLITANA DE SANTIAGO,QUILICURA,QUILICURA,COLEGIO SAN ISAAC JOGUES,259
METROPOLITANA DE SANTIAGO,QUILICURA,QUILICURA,COLEGIO SAN SEBASTIAN DE QUILICURA LOCAL: 1,125
METROPOLITANA DE SANTIAGO,QUILICURA,QUILICURA,COLEGIO SAN SEBASTIAN DE QUILICURA LOCAL: 2,140
METROPOLITANA DE SANTIAGO,QUILICURA,QUILICURA,COLEGIO SANTA BARBARA H.S.,92M
METROPOLITANA DE SANTIAGO,QUILICURA,QUILICURA,ESCUELA BASICA ANA FRANK,48V
METROPOLITANA DE SANTIAGO,QUILICURA,QUILICURA,ESCUELA BASICA ANA FRANK,50V
METROPOLITANA DE SANTIAGO,QUILICURA,QUILICURA,ESCUELA BASICA ANA FRANK,52V
METROPOLITANA DE SANTIAGO,QUILICURA,QUILICURA,ESCUELA BASICA ANA FRANK,61V
METROPOLITANA DE SANTIAGO,QUILICURA,QUILICURA,ESCUELA BASICA EL MAÑIO,165
METROPOLITANA DE SANTIAGO,QUILICURA,QUILICURA,ESCUELA ESTADO DE MICHIGAN,32M
METROPOLITANA DE SANTIAGO,QUILICURA,QUILICURA,ESCUELA LUIS CRUZ MARTINEZ LOCAL: 1,108M
METROPOLITANA DE SANTIAGO,QUILICURA,QUILICURA,ESCUELA LUIS CRUZ MARTINEZ LOCAL: 2,23V
METROPOLITANA DE SANTIAGO,QUILICURA,QUILICURA,LICEO BICENTENARIO DE EXCELENCIA FRANCISCO BILBAO BARQUIN DE QUILICURA,87V
METROPOLITANA DE SANTIAGO,QUILICURA,QUILICURA,LICEO JOSE DOMINGO CAÑAS,172
METROPOLITANA DE SANTIAGO,QUILICURA,QUILICURA,LICEO JOSE DOMINGO CAÑAS,180
METROPOLITANA DE SANTIAGO,QUINTA NORMAL,QUINTA NORMAL,COLEGIO BICENTENARIO ELVIRA HURTADO DE MATTE DE SANTIAGO,139M
METROPOLITANA DE SANTIAGO,QUINTA NORMAL,QUINTA NORMAL,COLEGIO BICENTENARIO ELVIRA HURTADO DE MATTE DE SANTIAGO,145M
METROPOLITANA DE SANTIAGO,QUINTA NORMAL,QUINTA NORMAL,COLEGIO BICENTENARIO ELVIRA HURTADO DE MATTE DE SANTIAGO,146M
METROPOLITANA DE SANTIAGO,QUINTA NORMAL,QUINTA NORMAL,ESCUELA ANTUMALAL LOCAL: 2,18M
METROPOLITANA DE SANTIAGO,QUINTA NORMAL,QUINTA NORMAL,ESCUELA ANTUMALAL LOCAL: 2,25M
METROPOLITANA DE SANTIAGO,QUINTA NORMAL,QUINTA NORMAL,LICEO INDUSTRIAL BENJAMIN FRANKLIN LOCAL: 2,111V
METROPOLITANA DE SANTIAGO,QUINTA NORMAL,QUINTA NORMAL,LICEO POLIVALENTE JUAN ANTONIO RIOS LOCAL: 1,61V
METROPOLITANA DE SANTIAGO,RECOLETA,RECOLETA NORTE,CENTRO EDUCACIONAL ESCRITORES DE CHILE,22M
METROPOLITANA DE SANTIAGO,RECOLETA,RECOLETA NORTE,CENTRO EDUCACIONAL ESCRITORES DE CHILE,23M
METROPOLITANA DE SANTIAGO,RECOLETA,RECOLETA NORTE,ESCUELA BASICA N° 953 JOSE ARTIGAS,88M
METROPOLITANA DE SANTIAGO,RECOLETA,RECOLETA NORTE,ESCUELA ESPAÑA,12V
METROPOLITANA DE SANTIAGO,RECOLETA,RECOLETA NORTE,ESCUELA MUNICIPAL HERMANA MARIA GORETTI,48V
METROPOLITANA DE SANTIAGO,RECOLETA,RECOLETA NORTE,ESCUELA PUERTO RICO,31V
METROPOLITANA DE SANTIAGO,RECOLETA,RECOLETA NORTE,ESCUELA SARGENTO 2 DANIEL REBOLLEDO,67V
METROPOLITANA DE SANTIAGO,RECOLETA,RECOLETA NORTE,LICEO AVENIDA RECOLETA LOCAL: 1,51M
METROPOLITANA DE SANTIAGO,RECOLETA,RECOLETA NORTE,LICEO AVENIDA RECOLETA LOCAL: 1,52M
METROPOLITANA DE SANTIAGO,RECOLETA,RECOLETA NORTE,LICEO AVENIDA RECOLETA LOCAL: 2,65M
METROPOLITANA DE SANTIAGO,RECOLETA,RECOLETA SUR,COMPLEJO EDUCACIONAL JUANITA FERNANDEZ SOLAR,5M
METROPOLITANA DE SANTIAGO,RECOLETA,RECOLETA SUR,COMPLEJO EDUCACIONAL JUANITA FERNANDEZ SOLAR,14M
METROPOLITANA DE SANTIAGO,RECOLETA,RECOLETA SUR,ESCUELA BASICA BILINGÜE REPUBLICA DEL PARAGUAY LOCAL: 1,49M
METROPOLITANA DE SANTIAGO,RECOLETA,RECOLETA SUR,ESCUELA RAFAEL VALDIVIESO,85M
METROPOLITANA DE SANTIAGO,RECOLETA,RECOLETA SUR,ESCUELA VICTOR CUCCUINI,142
METROPOLITANA DE SANTIAGO,RECOLETA,RECOLETA SUR,LICEO PAULA JARAQUEMADA,19M
METROPOLITANA DE SANTIAGO,RECOLETA,RECOLETA SUR,LICEO PAULA JARAQUEMADA,32M
METROPOLITANA DE SANTIAGO,RENCA,RENCA,COLEGIO POLIVALENTE SAN JOSE DE RENCA LOCAL: 2,138V
METROPOLITANA DE SANTIAGO,RENCA,RENCA,ESCUELA BASICA ISABEL LE BRUN,4V
METROPOLITANA DE SANTIAGO,RENCA,RENCA,ESCUELA BASICA LO VELASQUEZ,52M
METROPOLITANA DE SANTIAGO,RENCA,RENCA,ESCUELA CAPITAN JOSE LUIS ARANEDA,157
METROPOLITANA DE SANTIAGO,RENCA,RENCA,ESCUELA CAPITAN JOSE LUIS ARANEDA,164
METROPOLITANA DE SANTIAGO,RENCA,RENCA,ESCUELA GENERAL ALEJANDRO GOROSTIAGA ORREGO,28M
METROPOLITANA DE SANTIAGO,RENCA,RENCA,ESCUELA GENERAL ALEJANDRO GOROSTIAGA ORREGO,37M
METROPOLITANA DE SANTIAGO,RENCA,RENCA,ESCUELA N° 1365 PADRE GUSTAVO LE PAIGE LOCAL: 1,73M
METROPOLITANA DE SANTIAGO,RENCA,RENCA,ESCUELA N° 1365 PADRE GUSTAVO LE PAIGE LOCAL: 2,102M
METROPOLITANA DE SANTIAGO,RENCA,RENCA,LICEO THOMAS ALVA EDISON,18V
METROPOLITANA DE SANTIAGO,SAN JOAQUIN,SAN JOAQUIN,COLEGIO CIUDAD DE FRANKFORT,106M
METROPOLITANA DE SANTIAGO,SAN JOAQUIN,SAN JOAQUIN,COLEGIO HAYDN DE SAN JOAQUIN,41M
METROPOLITANA DE SANTIAGO,SAN JOAQUIN,SAN JOAQUIN,COLEGIO HAYDN DE SAN JOAQUIN,42M
METROPOLITANA DE SANTIAGO,SAN JOAQUIN,SAN JOAQUIN,COLEGIO HAYDN DE SAN JOAQUIN,48M
METROPOLITANA DE SANTIAGO,SAN JOAQUIN,SAN JOAQUIN,COLEGIO HAYDN DE SAN JOAQUIN,49M
METROPOLITANA DE SANTIAGO,SAN JOAQUIN,SAN JOAQUIN,COLEGIO INFOCAP,81V
METROPOLITANA DE SANTIAGO,SAN JOAQUIN,SAN JOAQUIN,LICEO MUNICIPAL SAN JOAQUIN,3M
METROPOLITANA DE SANTIAGO,SAN JOAQUIN,SAN JOAQUIN,LICEO MUNICIPAL SAN JOAQUIN,6M
METROPOLITANA DE SANTIAGO,SAN JOAQUIN,SAN JOAQUIN,LICEO MUNICIPAL SAN JOAQUIN,9M
METROPOLITANA DE SANTIAGO,SAN JOAQUIN,SAN JOAQUIN,LICEO MUNICIPAL SAN JOAQUIN,14M
METROPOLITANA DE SANTIAGO,SAN MIGUEL,SAN MIGUEL,COLEGIO BICENTENARIO SANTO CURA DE ARS,188
METROPOLITANA DE SANTIAGO,SAN MIGUEL,SAN MIGUEL,COLEGIO CHILE,172
METROPOLITANA DE SANTIAGO,SAN MIGUEL,SAN MIGUEL,COLEGIO PARROQUIAL SAN MIGUEL LOCAL: 2,50M
METROPOLITANA DE SANTIAGO,SAN MIGUEL,SAN MIGUEL,COLEGIO PARROQUIAL SAN MIGUEL LOCAL: 2,56M
METROPOLITANA DE SANTIAGO,SAN MIGUEL,SAN MIGUEL,ESCUELA DE LA INDUSTRIA GRAFICA HECTOR GOMEZ,70V
METROPOLITANA DE SANTIAGO,SAN MIGUEL,SAN MIGUEL,ESCUELA LLANO SUBERCASEAUX LOCAL: 1,111M
METROPOLITANA DE SANTIAGO,SAN MIGUEL,SAN MIGUEL,ESCUELA TERRITORIO ANTARTICO,1V
METROPOLITANA DE SANTIAGO,SAN MIGUEL,SAN MIGUEL,INSTITUTO MIGUEL LEON PRADO,108M
METROPOLITANA DE SANTIAGO,SAN MIGUEL,SAN MIGUEL,INSTITUTO SUPERIOR DE COMERCIO DE CHILE (EX A99) LOCAL: 2,74M
METROPOLITANA DE SANTIAGO,SAN MIGUEL,SAN MIGUEL,LICEO ANDRES BELLO LOCAL: 2,23M
METROPOLITANA DE SANTIAGO,SAN MIGUEL,SAN MIGUEL,LICEO ANDRES BELLO LOCAL: 2,29M
METROPOLITANA DE SANTIAGO,SAN MIGUEL,SAN MIGUEL,LICEO BETSABE HORMAZABAL DE ALARCON LOCAL: 2,95V
METROPOLITANA DE SANTIAGO,SAN MIGUEL,SAN MIGUEL,LICEO BETSABE HORMAZABAL DE ALARCON LOCAL: 2,110V
METROPOLITANA DE SANTIAGO,SAN RAMON,SAN RAMON,CENTRO DE EDUCACION PAULA JARAQUEMADA,97V
METROPOLITANA DE SANTIAGO,SAN RAMON,SAN RAMON,CENTRO DE EDUCACION PAULA JARAQUEMADA,98V
METROPOLITANA DE SANTIAGO,SAN RAMON,SAN RAMON,CENTRO EDUCACIONAL SAN RAMON,27M
METROPOLITANA DE SANTIAGO,SAN RAMON,SAN RAMON,ESCUELA BASICA ALIVEN,65M
METROPOLITANA DE SANTIAGO,SAN RAMON,SAN RAMON,ESCUELA BASICA EDUCADORES DE CHILE,13V
METROPOLITANA DE SANTIAGO,SAN RAMON,SAN RAMON,ESCUELA BASICA EDUCADORES DE CHILE,17V
METROPOLITANA DE SANTIAGO,SAN RAMON,SAN RAMON,ESCUELA BASICA SENDERO DEL SABER,80V
METROPOLITANA DE SANTIAGO,SAN RAMON,SAN RAMON,ESCUELA BASICA VILLA LA CULTURA,97M
METROPOLITANA DE SANTIAGO,SAN RAMON,SAN RAMON,ESCUELA NANIHUE,53V
METROPOLITANA DE SANTIAGO,SAN RAMON,SAN RAMON,ESCUELA NANIHUE,58V
METROPOLITANA DE SANTIAGO,SAN RAMON,SAN RAMON,LICEO MUNICIPALIZADO ARAUCANIA,11M
METROPOLITANA DE SANTIAGO,SAN RAMON,SAN RAMON,LICEO MUNICIPALIZADO ARAUCANIA,14M
METROPOLITANA DE SANTIAGO,SANTIAGO,EL CENTRO,COLEGIO NUESTRA SEÑORA DE ANDACOLLO LOCAL: 2,345
METROPOLITANA DE SANTIAGO,SANTIAGO,EL CENTRO,ESCUELA BASICA LIBERTADORES DE CHILE LOCAL: 2,52V
METROPOLITANA DE SANTIAGO,SANTIAGO,EL CENTRO,ESCUELA BASICA REPUBLICA DE PANAMA,189
METROPOLITANA DE SANTIAGO,SANTIAGO,PARQUE ALMAGRO,COLEGIO EXCELSIOR LOCAL: 1,174
METROPOLITANA DE SANTIAGO,SANTIAGO,PARQUE ALMAGRO,COLEGIO EXCELSIOR LOCAL: 1,179
METROPOLITANA DE SANTIAGO,SANTIAGO,PARQUE ALMAGRO,COLEGIO EXCELSIOR LOCAL: 2,182
METROPOLITANA DE SANTIAGO,SANTIAGO,PARQUE ALMAGRO,COLEGIO EXCELSIOR LOCAL: 2,191
METROPOLITANA DE SANTIAGO,SANTIAGO,PARQUE ALMAGRO,ESCUELA BASICA BENJAMIN VICUÑA MACKENNA,85V
METROPOLITANA DE SANTIAGO,SANTIAGO,PARQUE ALMAGRO,ESCUELA COLEGIO POLIVALENTE SANTA FAMILIA,78M
METROPOLITANA DE SANTIAGO,SANTIAGO,PARQUE ALMAGRO,LICEO CONFEDERACION SUIZA,3V
METROPOLITANA DE SANTIAGO,SANTIAGO,PARQUE ALMAGRO,LICEO MIGUEL DE CERVANTES Y SAAVEDRA,91V
METROPOLITANA DE SANTIAGO,SANTIAGO,PARQUE O'HIGGINS,ESCUELA BASICA IRENE FREI DE CID,34V
METROPOLITANA DE SANTIAGO,SANTIAGO,PARQUE O'HIGGINS,INSTITUTO HERMANOS MATTE LOCAL: 2,105V
METROPOLITANA DE SANTIAGO,SANTIAGO,PARQUE O'HIGGINS,LICEO MUNICIPAL METROPOLITANO DE ADULTOS LOCAL: 1,51M
METROPOLITANA DE SANTIAGO,VITACURA,VITACURA,COLEGIO DE LOS SAGRADOS CORAZONES DE MANQUEHUE LOCAL: 1,135M
METROPOLITANA DE SANTIAGO,VITACURA,VITACURA,COLEGIO DE LOS SAGRADOS CORAZONES DE MANQUEHUE LOCAL: 1,140M
METROPOLITANA DE SANTIAGO,VITACURA,VITACURA,COLEGIO DE LOS SAGRADOS CORAZONES DE MANQUEHUE LOCAL: 2,24V
METROPOLITANA DE SANTIAGO,VITACURA,VITACURA,COLEGIO DE LOS SAGRADOS CORAZONES DE MANQUEHUE LOCAL: 2,26V
METROPOLITANA DE SANTIAGO,VITACURA,VITACURA,COLEGIO LOS ANDES DE VITACURA,22M
METROPOLITANA DE SANTIAGO,VITACURA,VITACURA,COLEGIO SAN PEDRO NOLASCO ,97M
METROPOLITANA DE SANTIAGO,VITACURA,VITACURA,COLEGIO SANTA URSULA VITACURA,120M
METROPOLITANA DE SANTIAGO,VITACURA,VITACURA,LICEO MARIA LUISA BOMBAL,130M
METROPOLITANA DE SANTIAGO,EL MONTE,EL MONTE,ESCUELA REPUBLICA DE HONDURAS ,45
METROPOLITANA DE SANTIAGO,EL MONTE,EL MONTE,ESCUELA REPUBLICA DEL ECUADOR LOCAL: 1,5V
METROPOLITANA DE SANTIAGO,ISLA DE MAIPO,ISLA DE MAIPO,CENTRO EDUCACIONAL ISLA DE MAIPO,44
METROPOLITANA DE SANTIAGO,PADRE HURTADO,PADRE HURTADO,COLEGIO ALBERTO HURTADO CRUCHAGA,27M
METROPOLITANA DE SANTIAGO,PADRE HURTADO,PADRE HURTADO,COLEGIO ALBERTO HURTADO CRUCHAGA BASICA,82
METROPOLITANA DE SANTIAGO,PADRE HURTADO,PADRE HURTADO,COLEGIO SAN CRISTOBAL APOSTOL,2M
METROPOLITANA DE SANTIAGO,PADRE HURTADO,PADRE HURTADO,ESCUELA BASICA SANTA ROSA DE CHENA,16M
METROPOLITANA DE SANTIAGO,PADRE HURTADO,PADRE HURTADO,LICEO BICENTENARIO DE EXCELENCIA PATRICIO MEKIS DE PADRE HURTADO,64
METROPOLITANA DE SANTIAGO,PADRE HURTADO,PADRE HURTADO,LICEO BICENTENARIO DE EXCELENCIA PAUL HARRIS LOCAL: 2,18V
METROPOLITANA DE SANTIAGO,PEÑAFLOR,PEÑAFLOR,ESCUELA EMILIA LASCAR LOCAL: 1,77M
METROPOLITANA DE SANTIAGO,PEÑAFLOR,PEÑAFLOR,COLEGIO INMACULADA CONCEPCIÓN NUESTRA SEÑORA DE LOURDES,29V
METROPOLITANA DE SANTIAGO,PEÑAFLOR,PEÑAFLOR,COLEGIO INMACULADA CONCEPCIÓN NUESTRA SEÑORA DE LOURDES,45V
METROPOLITANA DE SANTIAGO,PEÑAFLOR,PEÑAFLOR,ESCUELA ROSALINA PESCIO VARGAS,13M
METROPOLITANA DE SANTIAGO,PEÑAFLOR,PEÑAFLOR,LICEO MUNICIPALIZADO PEÑAFLOR,72V
METROPOLITANA DE SANTIAGO,TALAGANTE,TALAGANTE,LICEO POLITECNICO C-120 LOCAL: 1,49M
METROPOLITANA DE SANTIAGO,TALAGANTE,TALAGANTE,LICEO TALAGANTE MEDIA LOCAL: 1,4V
METROPOLITANA DE SANTIAGO,TALAGANTE,TALAGANTE,LICEO TALAGANTE MEDIA LOCAL: 1,11V
METROPOLITANA DE SANTIAGO,TALAGANTE,TALAGANTE,LICEO TALAGANTE MEDIA LOCAL: 1,17V
DEL LIBERTADOR GENERAL BERNARDO O'HIGGINS,COLTAUCO,COLTAUCO,CASINO PARQUE LOS TACOS,29
DEL LIBERTADOR GENERAL BERNARDO O'HIGGINS,DOÑIHUE,DOÑIHUE,ESCUELA LAURA MATUS MELENDEZ,16
DEL LIBERTADOR GENERAL BERNARDO O'HIGGINS,DOÑIHUE,DOÑIHUE,LICEO CLAUDIO ARRAU,2V
DEL LIBERTADOR GENERAL BERNARDO O'HIGGINS,DOÑIHUE,DOÑIHUE,LICEO CLAUDIO ARRAU,10V
DEL LIBERTADOR GENERAL BERNARDO O'HIGGINS,GRANEROS,GRANEROS,ESCUELA SIXTO MENDEZ PARADA,14V
DEL LIBERTADOR GENERAL BERNARDO O'HIGGINS,GRANEROS,GRANEROS,LICEO MUNICIPAL MISAEL LOBOS MONROY,15M
DEL LIBERTADOR GENERAL BERNARDO O'HIGGINS,LAS CABRAS,LAGO RAPEL (EL MANZANO),ESCUELA CONTRAMAESTRE CONSTANTINO MICALVI,6M
DEL LIBERTADOR GENERAL BERNARDO O'HIGGINS,LAS CABRAS,LAS CABRAS,ESCUELA ROMILIO ARELLANO TRONCOSO,11V
DEL LIBERTADOR GENERAL BERNARDO O'HIGGINS,MACHALI,MACHALI,COLEGIO GABRIELA MISTRAL,14M
DEL LIBERTADOR GENERAL BERNARDO O'HIGGINS,MACHALI,MACHALI,COLEGIO LOS LLANOS,28M
DEL LIBERTADOR GENERAL BERNARDO O'HIGGINS,MACHALI,MACHALI,LICEO MACHALI,13V
DEL LIBERTADOR GENERAL BERNARDO O'HIGGINS,MACHALI,MACHALI,LICEO MACHALI,16V
DEL LIBERTADOR GENERAL BERNARDO O'HIGGINS,MACHALI,MACHALI,LICEO MACHALI,20V
DEL LIBERTADOR GENERAL BERNARDO O'HIGGINS,MALLOA,MALLOA,ESCUELA ALCIDES REYES FRIAS ANEXO,15V
DEL LIBERTADOR GENERAL BERNARDO O'HIGGINS,MOSTAZAL,MOSTAZAL,COLEGIO ANDRES BELLO,31
DEL LIBERTADOR GENERAL BERNARDO O'HIGGINS,MOSTAZAL,MOSTAZAL,ESCUELA GABRIELA MISTRAL,13M
DEL LIBERTADOR GENERAL BERNARDO O'HIGGINS,PEUMO,PEUMO,ESCUELA ANTONIO DE ZUNIGA ANEXO,4M
DEL LIBERTADOR GENERAL BERNARDO O'HIGGINS,PICHIDEGUA,PICHIDEGUA,LICEO LATINOAMERICANO,8M
DEL LIBERTADOR GENERAL BERNARDO O'HIGGINS,PICHIDEGUA,PICHIDEGUA,LICEO LATINOAMERICANO,13M
DEL LIBERTADOR GENERAL BERNARDO O'HIGGINS,RANCAGUA,RANCAGUA,COLEGIO AURORA DE CHILE,200V
DEL LIBERTADOR GENERAL BERNARDO O'HIGGINS,RANCAGUA,RANCAGUA,COLEGIO JOSE ANTONIO MANSO DE VELASCO,185M
DEL LIBERTADOR GENERAL BERNARDO O'HIGGINS,RANCAGUA,RANCAGUA,COLEGIO LIBERTADOR SIMON BOLIVAR,137V
DEL LIBERTADOR GENERAL BERNARDO O'HIGGINS,RANCAGUA,RANCAGUA,COLEGIO MUNICIPAL EDUARDO DE GEYTER,106M
DEL LIBERTADOR GENERAL BERNARDO O'HIGGINS,RANCAGUA,RANCAGUA,COLEGIO MUNICIPAL EDUARDO DE GEYTER,124M
DEL LIBERTADOR GENERAL BERNARDO O'HIGGINS,RANCAGUA,RANCAGUA,ESCUELA MUNICIPAL EL COBRE,140M
DEL LIBERTADOR GENERAL BERNARDO O'HIGGINS,RANCAGUA,RANCAGUA,ESCUELA MUNICIPAL MARCELA PAZ,36M
DEL LIBERTADOR GENERAL BERNARDO O'HIGGINS,RANCAGUA,RANCAGUA,ESCUELA MUNICIPAL MARCELA PAZ,42M
DEL LIBERTADOR GENERAL BERNARDO O'HIGGINS,RANCAGUA,RANCAGUA,LICEO DE NIÑAS,22M
DEL LIBERTADOR GENERAL BERNARDO O'HIGGINS,RANCAGUA,RANCAGUA,LICEO DE NIÑAS,27M
DEL LIBERTADOR GENERAL BERNARDO O'HIGGINS,RANCAGUA,RANCAGUA,LICEO INDUSTRIAL ERNESTO PINTO LAGARRIGUE,94V
DEL LIBERTADOR GENERAL BERNARDO O'HIGGINS,RANCAGUA,RANCAGUA,LICEO INDUSTRIAL PRESIDENTE PEDRO AGUIRRE CERDA,108V
DEL LIBERTADOR GENERAL BERNARDO O'HIGGINS,RANCAGUA,RANCAGUA,LICEO MUNICIPAL JOSE VICTORINO LASTARRIA,56V
DEL LIBERTADOR GENERAL BERNARDO O'HIGGINS,RANCAGUA,RANCAGUA,LICEO OSCAR CASTRO ZUNIGA,14V
DEL LIBERTADOR GENERAL BERNARDO O'HIGGINS,RANCAGUA,RANCAGUA,LICEO TECNICO DE RANCAGUA,158M
DEL LIBERTADOR GENERAL BERNARDO O'HIGGINS,RANCAGUA,RANCAGUA,LICEO TECNICO DE RANCAGUA,166M
DEL LIBERTADOR GENERAL BERNARDO O'HIGGINS,RANCAGUA,RANCAGUA,LICEO TECNICO DE RANCAGUA,167M
DEL LIBERTADOR GENERAL BERNARDO O'HIGGINS,RANCAGUA,RANCAGUA ORIENTE,COLEGIO SANTA FILOMENA,47
DEL LIBERTADOR GENERAL BERNARDO O'HIGGINS,RANCAGUA,RANCAGUA ORIENTE,COLEGIO SANTA FILOMENA,48
DEL LIBERTADOR GENERAL BERNARDO O'HIGGINS,RANCAGUA,RANCAGUA ORIENTE,COLEGIO SANTA FILOMENA,49
DEL LIBERTADOR GENERAL BERNARDO O'HIGGINS,RANCAGUA,RANCAGUA ORIENTE,COLEGIO SANTA FILOMENA,59
DEL LIBERTADOR GENERAL BERNARDO O'HIGGINS,RANCAGUA,RANCAGUA ORIENTE,COLEGIO SANTA FILOMENA,61
DEL LIBERTADOR GENERAL BERNARDO O'HIGGINS,RANCAGUA,RANCAGUA ORIENTE,ESCUELA BERNARDO O'HIGGINS,10M
DEL LIBERTADOR GENERAL BERNARDO O'HIGGINS,RANCAGUA,RANCAGUA ORIENTE,ESCUELA BERNARDO O'HIGGINS,21M
DEL LIBERTADOR GENERAL BERNARDO O'HIGGINS,RENGO,RENGO,COLEGIO CARLOS CONDELL DE LA HAZA,71
DEL LIBERTADOR GENERAL BERNARDO O'HIGGINS,RENGO,RENGO,COLEGIO EL NARANJAL,29V
DEL LIBERTADOR GENERAL BERNARDO O'HIGGINS,RENGO,RENGO,COLEGIO LA PAZ,4M
DEL LIBERTADOR GENERAL BERNARDO O'HIGGINS,RENGO,RENGO,ESCUELA VICENTE HUIDOBRO,74
DEL LIBERTADOR GENERAL BERNARDO O'HIGGINS,RENGO,RENGO,LICEO INDUSTRIAL DE RENGO,51M
DEL LIBERTADOR GENERAL BERNARDO O'HIGGINS,RENGO,RENGO,LICEO LUIS URBINA FLORES,7V
DEL LIBERTADOR GENERAL BERNARDO O'HIGGINS,RENGO,RENGO,LICEO ORIENTE,38V
DEL LIBERTADOR GENERAL BERNARDO O'HIGGINS,RENGO,ROSARIO,COLEGIO MANUEL FRANCISCO CORREA,3M
DEL LIBERTADOR GENERAL BERNARDO O'HIGGINS,REQUINOA,LOS LIRIOS,ESCUELA REPUBLICA DE FRANCIA,5
DEL LIBERTADOR GENERAL BERNARDO O'HIGGINS,REQUINOA,REQUINOA,GIMNASIO REQUINOA,34
DEL LIBERTADOR GENERAL BERNARDO O'HIGGINS,REQUINOA,REQUINOA,LICEO REQUINOA,5V
DEL LIBERTADOR GENERAL BERNARDO O'HIGGINS,REQUINOA,REQUINOA,LICEO REQUINOA,11V
DEL LIBERTADOR GENERAL BERNARDO O'HIGGINS,SAN VICENTE,SAN VICENTE,ESCUELA CARMEN GALLEGOS DE ROBLES,19M
DEL LIBERTADOR GENERAL BERNARDO O'HIGGINS,SAN VICENTE,SAN VICENTE,LICEO IGNACIO CARRERA PINTO,18V
DEL LIBERTADOR GENERAL BERNARDO O'HIGGINS,PICHILEMU,PICHILEMU,ESCUELA DIGNA CAMILO AGUILAR,9V
DEL LIBERTADOR GENERAL BERNARDO O'HIGGINS,PICHILEMU,PICHILEMU,ESCUELA DIVINO MAESTRO,24
DEL LIBERTADOR GENERAL BERNARDO O'HIGGINS,CHEPICA,CHEPICA,LICEO FERMIN DEL REAL CASTILLO,10M
DEL LIBERTADOR GENERAL BERNARDO O'HIGGINS,LOLOL,LOLOL,LICEO MUNICIPAL DE LOLOL,1M
DEL LIBERTADOR GENERAL BERNARDO O'HIGGINS,NANCAGUA,NANCAGUA,COLEGIO PARTICULAR EL PRINCIPITO,12V
DEL LIBERTADOR GENERAL BERNARDO O'HIGGINS,PALMILLA,PALMILLA,ESCUELA MUNICIPAL DE PALMILLA,10M
DEL LIBERTADOR GENERAL BERNARDO O'HIGGINS,SAN FERNANDO,PUENTE NEGRO,ESCUELA CONCENTRACION RURAL SERGIO VERDUGO HERRERA,1M
DEL LIBERTADOR GENERAL BERNARDO O'HIGGINS,SAN FERNANDO,PUENTE NEGRO,ESCUELA CONCENTRACION RURAL SERGIO VERDUGO HERRERA,4
DEL LIBERTADOR GENERAL BERNARDO O'HIGGINS,SAN FERNANDO,SAN FERNANDO,ESCUELA BASICA ISABEL LA CATOLICA,76M
DEL LIBERTADOR GENERAL BERNARDO O'HIGGINS,SAN FERNANDO,SAN FERNANDO,ESCUELA BASICA ISABEL LA CATOLICA,77M
DEL LIBERTADOR GENERAL BERNARDO O'HIGGINS,SAN FERNANDO,SAN FERNANDO,INSTITUTO COMERCIAL ALBERTO VALENZUELA LLANOS,13M
DEL LIBERTADOR GENERAL BERNARDO O'HIGGINS,SAN FERNANDO,SAN FERNANDO,INSTITUTO COMERCIAL ALBERTO VALENZUELA LLANOS,16M
DEL LIBERTADOR GENERAL BERNARDO O'HIGGINS,SAN FERNANDO,SAN FERNANDO,LICEO DE HOMBRES NEANDRO SCHILLING,12V
DEL LIBERTADOR GENERAL BERNARDO O'HIGGINS,SANTA CRUZ,SANTA CRUZ,ESCUELA MUNICIPAL DE PANIAHUE,43
DEL LIBERTADOR GENERAL BERNARDO O'HIGGINS,SANTA CRUZ,SANTA CRUZ,ESCUELA MUNICIPAL DE PANIAHUE,45
DEL LIBERTADOR GENERAL BERNARDO O'HIGGINS,SANTA CRUZ,SANTA CRUZ,ESCUELA MUNICIPAL DE SANTA CRUZ,12V
DEL LIBERTADOR GENERAL BERNARDO O'HIGGINS,SANTA CRUZ,SANTA CRUZ,ESCUELA MUNICIPAL DE SANTA CRUZ,19V
DEL LIBERTADOR GENERAL BERNARDO O'HIGGINS,SANTA CRUZ,SANTA CRUZ,LICEO MUNICIPAL DE SANTA CRUZ,15M
DEL LIBERTADOR GENERAL BERNARDO O'HIGGINS,SANTA CRUZ,SANTA CRUZ,LICEO MUNICIPAL DE SANTA CRUZ,19M
DEL MAULE,CAUQUENES,CAUQUENES,LICEO ANTONIO VARAS,2V
DEL MAULE,CAUQUENES,CAUQUENES,LICEO ANTONIO VARAS,21V
DEL MAULE,PELLUHUE,PELLUHUE,ESCUELA  GLADYS CANALES PAREDES,10M
DEL MAULE,CURICO,CURICO,ESCUELA REPUBLICA ORIENTAL DEL URUGUAY,176
DEL MAULE,CURICO,CURICO,LICEO ZAPALLAR,145
DEL MAULE,CURICO,LOS NICHES,ESCUELA DIEGO PORTALES P.,27
DEL MAULE,CURICO,LOS NICHES,ESCUELA REPUBLICA ESTADOS UNIDOS,6
DEL MAULE,HUALAÑE,HUALAÑE,LICEO HUALANE,1V
DEL MAULE,HUALAÑE,HUALAÑE,LICEO HUALANE,11V
DEL MAULE,MOLINA,MOLINA,ESCUELA REINO DE DINAMARCA,35M
DEL MAULE,MOLINA,MOLINA,ESCUELA SUPERIOR DE NINAS DE MOLINA,11V
DEL MAULE,MOLINA,MOLINA,LICEO BICENTENARIO DE MOLINA MARIA DEL TRANSITO DE LA CRUZ,18V
DEL MAULE,MOLINA,MOLINA,LICEO BICENTENARIO DE MOLINA MARIA DEL TRANSITO DE LA CRUZ,36V
DEL MAULE,MOLINA,MOLINA,LICEO POLIVALENTE DE MOLINA,12M
DEL MAULE,MOLINA,TRES ESQUINAS,ESCUELA INTERNADO LAS PALMAS TRES ESQUINAS,5
DEL MAULE,RAUCO,RAUCO,ESCUELA RAUCO,11M
DEL MAULE,ROMERAL,ROMERAL,LICEO ARTURO ALESSANDRI PALMA,22
DEL MAULE,SAGRADA FAMILIA,SAGRADA FAMILIA,ESCUELA DE EDUCACION GENERAL BASICA MONSENOR ENRIQUE CORNEJO,16M
DEL MAULE,SAGRADA FAMILIA,SAGRADA FAMILIA,LICEO POLIVALENTE SAGRADA FAMILIA,12V
DEL MAULE,SAGRADA FAMILIA,VILLA PRAT,ESCUELA VILLA PRAT,6
DEL MAULE,VICHUQUEN,VICHUQUEN,LICEO NUEVO HORIZONTE,3V
DEL MAULE,COLBUN,COLBUN,GIMNASIO MUNICIPAL,21V
DEL MAULE,COLBUN,COLBUN,LICEO CAPITAN IGNACIO CARRERA PINTO,9V
DEL MAULE,LINARES,LINARES,COLEGIO MARGOT LOYOLA PALACIOS,82V
DEL MAULE,LINARES,LINARES,ESCUELA ALEJANDRO GIDI,34V
DEL MAULE,LINARES,LINARES,ESCUELA RAMON BELMAR SALDIAS,124
DEL MAULE,LINARES,LINARES,ESCUELA RAMON BELMAR SALDIAS,127
DEL MAULE,LINARES,LINARES,LICEO POLITECNICO DE LINARES,50M
DEL MAULE,LINARES,LINARES,LICEO POLITECNICO DE LINARES,55M
DEL MAULE,LINARES,LINARES,LICEO VALENTIN LETELIER,13V
DEL MAULE,LINARES,LINARES,LICEO VALENTIN LETELIER,17V
DEL MAULE,LONGAVI,LONGAVI,COLEGIO ABATE MOLINA,30V
DEL MAULE,LONGAVI,LONGAVI,LICEO ARTURO ALESSANDRI PALMA,15V
DEL MAULE,PARRAL,CATILLO,COLEGIO ALBERTO MOLINA CASTILLO,2M
DEL MAULE,SAN JAVIER,SAN JAVIER,ESCUELA GERONIMO LAGOS LISBOA,57
DEL MAULE,VILLA ALEGRE,VILLA ALEGRE,ESCUELA TIMOTEO ARAYA ALEGRIA,17M
DEL MAULE,VILLA ALEGRE,VILLA ALEGRE,LICEO FRANCISCO ANTONIO ENCINA ARMANET,6V
DEL MAULE,YERBAS BUENAS,YERBAS BUENAS,ANEXO LICEO JUAN DE DIOS PUGA,12V
DEL MAULE,YERBAS BUENAS,YERBAS BUENAS,ANEXO LICEO JUAN DE DIOS PUGA,16V
DEL MAULE,YERBAS BUENAS,YERBAS BUENAS,ANEXO LICEO JUAN DE DIOS PUGA,19V
DEL MAULE,YERBAS BUENAS,YERBAS BUENAS,ANEXO LICEO JUAN DE DIOS PUGA,20V
DEL MAULE,YERBAS BUENAS,YERBAS BUENAS,ESCUELA AGRICOLA MARTA MARTINEZ CRUZ,2V
DEL MAULE,CONSTITUCION,CONSTITUCION,ESCUELA ENRIQUE DONN MULLER,9M
DEL MAULE,CONSTITUCION,CONSTITUCION,INSTITUTO POLITECNICO SUPERIOR EGIDIO ROZ,35M
DEL MAULE,CONSTITUCION,CONSTITUCION,LICEO CONSTITUCION,11V
DEL MAULE,EMPEDRADO,EMPEDRADO,LICEO SAN IGNACIO,1M
DEL MAULE,EMPEDRADO,EMPEDRADO,LICEO SAN IGNACIO,5V
DEL MAULE,EMPEDRADO,EMPEDRADO,LICEO SAN IGNACIO,8V-9
DEL MAULE,MAULE,DUAO,ESCUELA RURAL DUAO,1
DEL MAULE,MAULE,DUAO,ESCUELA RURAL DUAO,3
DEL MAULE,MAULE,DUAO,ESCUELA RURAL DUAO,10
DEL MAULE,MAULE,MAULE,ESCUELA MAULE,12V
DEL MAULE,PENCAHUE,PENCAHUE,COMPLEJO EDUCACIONAL PENCAHUE,11M
DEL MAULE,PENCAHUE,PENCAHUE,COMPLEJO EDUCACIONAL PENCAHUE,2V
DEL MAULE,PENCAHUE,PENCAHUE,COMPLEJO EDUCACIONAL PENCAHUE,5V
DEL MAULE,SAN CLEMENTE,SAN CLEMENTE,COLEGIO CLEMENTINOS,34M
DEL MAULE,SAN CLEMENTE,SAN CLEMENTE,COLEGIO CLEMENTINOS,35M
DEL MAULE,SAN CLEMENTE,SAN CLEMENTE,ESCUELA ARTURO PRAT CHACON,28M
DEL MAULE,SAN CLEMENTE,SAN CLEMENTE,ESCUELA ARTURO PRAT CHACON,29M
DEL MAULE,SAN CLEMENTE,SAN CLEMENTE,ESCUELA PASO INTERNACIONAL PEHUENCHE,61
DEL MAULE,SAN CLEMENTE,SAN CLEMENTE,ESCUELA SAN CLEMENTE,1V
DEL MAULE,SAN CLEMENTE,SAN CLEMENTE,ESCUELA SAN CLEMENTE,3V
DEL MAULE,SAN CLEMENTE,SAN CLEMENTE,ESCUELA SAN CLEMENTE,19V
DEL MAULE,SAN CLEMENTE,SAN CLEMENTE,LICEO SAN CLEMENTE ENTRE RIOS,9M
DEL MAULE,TALCA,TALCA,ESCUELA CARLOS SPANO,80M
DEL MAULE,TALCA,TALCA,ESCUELA ESPERANZA,103V
DEL MAULE,TALCA,TALCA,ESCUELA JOSE M. BALMACEDA Y FERNANDEZ,290
DEL MAULE,TALCA,TALCA,ESCUELA JOSE M. BALMACEDA Y FERNANDEZ,299
DEL MAULE,TALCA,TALCA,ESCUELA JOSE M. BALMACEDA Y FERNANDEZ,306
DEL MAULE,TALCA,TALCA,ESCUELA PROSPERIDAD,19M
DEL MAULE,TALCA,TALCA,ESCUELA VILLA CULENAR,238
DEL MAULE,TALCA,TALCA,INSTITUTO SUPERIOR DE COMERCIO ENRIQUE MALDONADO ,218
DEL MAULE,TALCA,TALCA,LICEO ABATE MOLINA,171M
DEL MAULE,TALCA,TALCA,LICEO DE CULTURA Y DIFUSION ARTISTICA,129V
DEL MAULE,TALCA,TALCA,LICEO DIEGO PORTALES,46M
DEL MAULE,TALCA,TALCA,LICEO DIEGO PORTALES,52M
DEL MAULE,TALCA,TALCA,LICEO DIEGO PORTALES,61M
DEL MAULE,TALCA,TALCA,LICEO HECTOR PEREZ BIOTT,33V
DEL MAULE,TALCA,TALCA,LICEO HECTOR PEREZ BIOTT,35V
DEL MAULE,TALCA,TALCA,LICEO TECNICO AMELIA COURBIS,22V
DEL MAULE,TALCA,TALCA,UNIVERSIDAD AUTONOMA DE CHILE,106M
DE Ã‘UBLE,BULNES,BULNES,COLEGIO SAN ESTEBAN DE BULNES - ANEXO BASICA,4M
DE Ã‘UBLE,BULNES,BULNES,COLEGIO SAN ESTEBAN DE BULNES - ANEXO BASICA,24V
DE Ã‘UBLE,BULNES,BULNES,LICEO MANUEL BULNES,8V
DE Ã‘UBLE,BULNES,BULNES,LICEO MANUEL BULNES,20V
DE Ã‘UBLE,BULNES,BULNES,LICEO SANTA CRUZ DE LARQUI,6M
DE Ã‘UBLE,BULNES,BULNES,LICEO SANTA CRUZ DE LARQUI,20M
DE Ã‘UBLE,BULNES,SANTA CLARA,ESCUELA EL PALPAL DE SANTA CLARA,3V
DE Ã‘UBLE,CHILLAN,CHILLAN,COLEGIO CONCEPCION DE CHILLAN ,91V
DE Ã‘UBLE,CHILLAN,CHILLAN,COLEGIO CREACION CHILLAN,163M
DE Ã‘UBLE,CHILLAN,CHILLAN,COLEGIO DE LA PURISIMA CONCEPCION,67M
DE Ã‘UBLE,CHILLAN,CHILLAN,COLEGIO DE LA PURISIMA CONCEPCION,72M
DE Ã‘UBLE,CHILLAN,CHILLAN,COLEGIO POLIVALENTE PADRE ALBERTO HURTADO,79V
DE Ã‘UBLE,CHILLAN,CHILLAN,COLEGIO POLIVALENTE PADRE ALBERTO HURTADO,81V
DE Ã‘UBLE,CHILLAN,CHILLAN,COLEGIO POLIVALENTE PADRE ALBERTO HURTADO,87V
DE Ã‘UBLE,CHILLAN,CHILLAN,COLEGIO SAN BUENAVENTURA,59M
DE Ã‘UBLE,CHILLAN,CHILLAN,COLEGIO SAN BUENAVENTURA,65M
DE Ã‘UBLE,CHILLAN,CHILLAN,COLEGIO SAN VICENTE DE PAUL,37M
DE Ã‘UBLE,CHILLAN,CHILLAN,COLEGIO SAN VICENTE DE PAUL,44M
DE Ã‘UBLE,CHILLAN,CHILLAN,COLEGIO SEMINARIO PADRE ALBERTO HURTADO,171M
DE Ã‘UBLE,CHILLAN,CHILLAN,DEUTSCHE SCHULE CHILLAN,241
DE Ã‘UBLE,CHILLAN,CHILLAN,ESCUELA BASICA JUAN MADRID AZOLAS,141V
DE Ã‘UBLE,CHILLAN,CHILLAN,ESCUELA BASICA REYES DE ESPAÑA,161V
DE Ã‘UBLE,CHILLAN,CHILLAN,ESCUELA BASICA ROSITA O'HIGGINS RIQUELME,149V
DE Ã‘UBLE,CHILLAN,CHILLAN,ESCUELA BASICA ROSITA O'HIGGINS RIQUELME,156V
DE Ã‘UBLE,CHILLAN,CHILLAN,ESCUELA REPUBLICA DE MEXICO,96M
DE Ã‘UBLE,CHILLAN,CHILLAN,ESCUELA REPUBLICA DE MEXICO,98M
DE Ã‘UBLE,CHILLAN,CHILLAN,INSTITUTO INDUSTRIAL SUPERIOR DE CHILLAN,32V
DE Ã‘UBLE,CHILLAN,CHILLAN,INSTITUTO INDUSTRIAL SUPERIOR DE CHILLAN,36V
DE Ã‘UBLE,CHILLAN,CHILLAN,INSTITUTO SANTA MARIA,114M
DE Ã‘UBLE,CHILLAN,CHILLAN,LICEO MARTIN RUIZ DE GAMBOA,65V
DE Ã‘UBLE,CHILLAN,CHILLAN,LICEO NARCISO TONDREAU - SECTOR MEDIA,9M
DE Ã‘UBLE,CHILLAN VIEJO,CHILLAN VIEJO,COLEGIO DARIO SALAS,4M
DE Ã‘UBLE,CHILLAN VIEJO,CHILLAN VIEJO,COLEGIO DARIO SALAS,16M
DE Ã‘UBLE,CHILLAN VIEJO,CHILLAN VIEJO,COLEGIO DARIO SALAS,19M
DE Ã‘UBLE,CHILLAN VIEJO,CHILLAN VIEJO,COLEGIO DARIO SALAS,20M
DE Ã‘UBLE,CHILLAN VIEJO,CHILLAN VIEJO,COLEGIO DARIO SALAS,23M
DE Ã‘UBLE,CHILLAN VIEJO,CHILLAN VIEJO,LICEO TOMAS LAGO,37
DE Ã‘UBLE,EL CARMEN,EL CARMEN,ESCUELA VIRGEN DEL CARMEN,7V
DE Ã‘UBLE,EL CARMEN,EL CARMEN,LICEO POLIVALENTE JUVENAL HERNANDEZ JAQUE,12M
DE Ã‘UBLE,EL CARMEN,EL CARMEN,LICEO POLIVALENTE JUVENAL HERNANDEZ JAQUE,15M
DE Ã‘UBLE,PEMUCO,PEMUCO,LICEO POLIVALENTE TOMAS ARNALDO HERRERA VEGA,7V
DE Ã‘UBLE,PINTO,PINTO,COLEGIO FRANCISCO DE ASIS,2V
DE Ã‘UBLE,PINTO,PINTO,COLEGIO FRANCISCO DE ASIS,9V
DE Ã‘UBLE,PINTO,PINTO,COLEGIO FRANCISCO DE ASIS,11V
DE Ã‘UBLE,QUILLON,CERRO NEGRO,ESCUELA BASICA EL CASINO,2V
DE Ã‘UBLE,QUILLON,QUILLON,ESCUELA BASICA HEROES DEL ITATA,9M
DE Ã‘UBLE,QUILLON,QUILLON,ESCUELA BASICA HEROES DEL ITATA,16M
DE Ã‘UBLE,QUILLON,QUILLON,ESCUELA BASICA HEROES DEL ITATA,17M
DE Ã‘UBLE,YUNGAY,YUNGAY,ESCUELA FERNANDO BAQUEDANO,14V
DE Ã‘UBLE,COBQUECURA,BUCHUPUREO,ESCUELA BASICA BUCHUPUREO,2
DE Ã‘UBLE,COELEMU,COELEMU,LICEO DOMINGO ORTIZ DE ROZAS,19V
DE Ã‘UBLE,NINHUE,NINHUE,ESCUELA GLORIAS NAVALES,1M
DE Ã‘UBLE,QUIRIHUE,QUIRIHUE,LICEO BICENTENARIO POLIVALENTE CARLOS MONTANE CASTRO,17V
DE Ã‘UBLE,QUIRIHUE,QUIRIHUE,LICEO BICENTENARIO POLIVALENTE CARLOS MONTANE CASTRO,20V
DE Ã‘UBLE,RANQUIL,RANQUIL (ÑIPAS),ESCUELA BASICA ÑIPAS,2M
DE Ã‘UBLE,SAN CARLOS,CACHAPOAL,ESCUELA CACHAPOAL,5V
DE Ã‘UBLE,SAN CARLOS,SAN CARLOS,COLEGIO SAGRADO CORAZON DE JESUS,33M
DE Ã‘UBLE,SAN CARLOS,SAN CARLOS,COLEGIO SAGRADO CORAZON DE JESUS,41M
DE Ã‘UBLE,SAN CARLOS,SAN CARLOS,ESCUELA GENERAL JOSE MIGUEL CARRERA VERDUGO,57M
DE Ã‘UBLE,SAN CARLOS,SAN CARLOS,LICEO POLITECNICO CAPITAN IGNACIO CARRERA PINTO,14M
DE Ã‘UBLE,SAN CARLOS,SAN CARLOS,LICEO POLIVALENTE NUESTRA SEÑORA DE LA MERCED,15V
DE Ã‘UBLE,SAN CARLOS,SAN CARLOS,LICEO POLIVALENTE NUESTRA SEÑORA DE LA MERCED,17V
DE Ã‘UBLE,SAN NICOLAS,SAN NICOLAS,"LICEO BICENTENARIO DE EXCELENCIA POLIVALENTE SAN NICOLAS, CAMPUS SERGIO MARTIN ALAMOS",1M
DE Ã‘UBLE,SAN NICOLAS,SAN NICOLAS,"LICEO BICENTENARIO DE EXCELENCIA POLIVALENTE SAN NICOLAS, CAMPUS SERGIO MARTIN ALAMOS",2M
DEL BIOBIO,CAÑETE,CAÑETE,LICEO HUMANISTA CIENTIFICO JOSE DE LA CRUZ MIRANDA CORREA,26V
DEL BIOBIO,CURANILAHUE,CURANILAHUE,ESCUELA PABLO NERUDA,7M
DEL BIOBIO,CURANILAHUE,CURANILAHUE,LICEO POLIVALENTE MARIANO LATORRE,31M
DEL BIOBIO,CURANILAHUE,CURANILAHUE,LICEO POLIVALENTE MARIANO LATORRE,5V
DEL BIOBIO,LEBU,LEBU,LICEO POLIVALENTE DOCTOR RIGOBERTO IGLESIAS BASTIAS DE LEBU,23V
DEL BIOBIO,LEBU,LEBU,LICEO POLIVALENTE DOCTOR RIGOBERTO IGLESIAS BASTIAS DE LEBU,28V
DEL BIOBIO,LEBU,LEBU,LICEO POLIVALENTE DOCTOR RIGOBERTO IGLESIAS BASTIAS DE LEBU,33
DEL BIOBIO,LEBU,PEHUEN,ESCUELA PEHUEN,1
DEL BIOBIO,LOS ALAMOS,LOS ALAMOS,ESCUELA FELIX EYHERAMENDY,8V
DEL BIOBIO,LOS ALAMOS,LOS ALAMOS,ESCUELA FELIX EYHERAMENDY,14V
DEL BIOBIO,LOS ALAMOS,LOS ALAMOS,LICEO POLITECNICO CAUPOLICAN,2M
DEL BIOBIO,LOS ALAMOS,LOS ALAMOS,LICEO POLITECNICO CAUPOLICAN,6M
DEL BIOBIO,LOS ALAMOS,LOS ALAMOS,LICEO POLITECNICO CAUPOLICAN,7M
DEL BIOBIO,ALTO BIOBIO,ALTO BIOBIO,ESCUELA DE CONCENTRACION FRONTERIZA RALCO ALTO BIOBIO,4M
DEL BIOBIO,ALTO BIOBIO,ALTO BIOBIO,ESCUELA DE CONCENTRACION FRONTERIZA RALCO ALTO BIOBIO,1V-10
DEL BIOBIO,ALTO BIOBIO,ALTO BIOBIO,ESCUELA DE CONCENTRACION FRONTERIZA RALCO ALTO BIOBIO,6V
DEL BIOBIO,ALTO BIOBIO,CAUÑICU,ESCUELA PARTICULAR CAUÑICU,5
DEL BIOBIO,ANTUCO,ANTUCO,LICEO  DOCTOR VICTOR RIOS RUIZ,2V
DEL BIOBIO,LAJA,LA LAJA,LICEO POLITECNICO HEROES DE LA CONCEPCION,10V
DEL BIOBIO,LOS ANGELES,LOS ANGELES,COLEGIO DON ORIONE,220
DEL BIOBIO,LOS ANGELES,LOS ANGELES,COLEGIO SAN GABRIEL ARCANGEL,225
DEL BIOBIO,LOS ANGELES,LOS ANGELES,COLEGIO SAN GABRIEL ARCANGEL,229
DEL BIOBIO,LOS ANGELES,LOS ANGELES,ESCUELA BASICA 11 DE SEPTIEMBRE,141V
DEL BIOBIO,LOS ANGELES,LOS ANGELES,ESCUELA ESPAÑA,27M
DEL BIOBIO,LOS ANGELES,LOS ANGELES,ESCUELA GENERAL JOSE DE SAN MARTIN,50M
DEL BIOBIO,LOS ANGELES,LOS ANGELES,ESCUELA ISLA DE LAJA,114M
DEL BIOBIO,LOS ANGELES,LOS ANGELES,ESCUELA JOSE MANSO DE VELASCO,51V
DEL BIOBIO,LOS ANGELES,LOS ANGELES,LICEO ALEMAN DEL VERBO DIVINO LOCAL 2,157M
DEL BIOBIO,LOS ANGELES,LOS ANGELES,LICEO COEDUCACIONAL SANTA MARIA DE LOS ANGELES,6M
DEL BIOBIO,LOS ANGELES,LOS ANGELES,LICEO COEDUCACIONAL SANTA MARIA DE LOS ANGELES,10M
DEL BIOBIO,LOS ANGELES,LOS ANGELES,LICEO COEDUCACIONAL SANTA MARIA DE LOS ANGELES,13M
DEL BIOBIO,LOS ANGELES,LOS ANGELES,LICEO INDUSTRIAL SAMUEL VIVANCO PARADA,70V
DEL BIOBIO,LOS ANGELES,LOS ANGELES,LICEO INDUSTRIAL SAMUEL VIVANCO PARADA,72V
DEL BIOBIO,LOS ANGELES,LOS ANGELES,LICEO INDUSTRIAL SAMUEL VIVANCO PARADA,79V
DEL BIOBIO,LOS ANGELES,LOS ANGELES,LICEO INDUSTRIAL SAMUEL VIVANCO PARADA,82V
DEL BIOBIO,LOS ANGELES,LOS ANGELES,LICEO INDUSTRIAL SAMUEL VIVANCO PARADA,87V
DEL BIOBIO,LOS ANGELES,LOS ANGELES,LICEO INDUSTRIAL SAMUEL VIVANCO PARADA,91V
DEL BIOBIO,LOS ANGELES,LOS ANGELES,LICEO LOS ANGELES A-59,17V
DEL BIOBIO,LOS ANGELES,LOS ANGELES,LICEO PARTICULAR CARLOS CONDELL,87M
DEL BIOBIO,LOS ANGELES,PAILLIHUE,COLEGIO MARIA INMACULADA DE LOS ANGELES,34
DEL BIOBIO,NACIMIENTO,NACIMIENTO,ESCUELA EL SABER,24M
DEL BIOBIO,NACIMIENTO,NACIMIENTO,ESCUELA EL SABER,1V
DEL BIOBIO,NACIMIENTO,NACIMIENTO,ESCUELA OSCAR GUERRERO QUINSAC,14V
DEL BIOBIO,NEGRETE,NEGRETE,LICEO POLIVALENTE LA FRONTERA,2V
DEL BIOBIO,NEGRETE,NEGRETE,LICEO POLIVALENTE LA FRONTERA,14
DEL BIOBIO,QUILLECO,QUILLECO,LICEO FRANCISCO BASCUNAN GUERRERO,12V
DEL BIOBIO,SANTA BARBARA,SANTA BARBARA,ESCUELA BASICA CACIQUE LEVIAN,11M
DEL BIOBIO,SANTA BARBARA,SANTA BARBARA,LICEO CARDENAL ANTONIO SAMORE,18V
DEL BIOBIO,TUCAPEL,TRUPAN,ESCUELA ALEJANDRO PEREZ URBANO,2-3
DEL BIOBIO,YUMBEL,YUMBEL,LICEO PADRE LUIS ALBERTO SALDES IRARRAZABAL,3M
DEL BIOBIO,CONCEPCION,ANDALIEN,COLEGIO MARINA DE CHILE,26M
DEL BIOBIO,CONCEPCION,ANDALIEN,COLEGIO SANTA EUFRASIA,25V
DEL BIOBIO,CONCEPCION,ANDALIEN,COLEGIO SANTA EUFRASIA,32V
DEL BIOBIO,CONCEPCION,ANDALIEN,COLEGIO SANTA EUFRASIA,35V
DEL BIOBIO,CONCEPCION,ANDALIEN,COLEGIO TECNICO PROFESIONAL LOS ACACIOS,59V
DEL BIOBIO,CONCEPCION,ANDALIEN,ESCUELA DIEGO PORTALES PALAZUELOS,8V
DEL BIOBIO,CONCEPCION,ANDALIEN,ESCUELA ESTHER HUNNEUS DE CLARO,49M
DEL BIOBIO,CONCEPCION,ANDALIEN,LICEO DE ADULTOS JOSE MANUEL BALMACEDA FERNANDEZ,44V
DEL BIOBIO,CONCEPCION,ANDALIEN,LICEO REBECA MATTE BELLO,57M
DEL BIOBIO,CONCEPCION,CONCEPCION CENTRO,COLEGIO BICENTENARIO REPUBLICA DEL BRASIL,78M
DEL BIOBIO,CONCEPCION,CONCEPCION CENTRO,LICEO COMERCIAL FEMENINO DE CONCEPCION,84V
DEL BIOBIO,CONCEPCION,CONCEPCION CENTRO,LICEO DOMINGO SANTA MARIA,122V
DEL BIOBIO,CONCEPCION,CONCEPCION CENTRO,LICEO INDUSTRIAL DE CONCEPCION,162V
DEL BIOBIO,CONCEPCION,CONCEPCION CENTRO,LICEO JUAN GREGORIO LAS HERAS,47M
DEL BIOBIO,CONCEPCION,CONCEPCION CENTRO,LICEO REPUBLICA DE ISRAEL,150V
DEL BIOBIO,CONCEPCION,CONCEPCION CENTRO,LICEO SAN AGUSTIN DE CONCEPCION,181M
DEL BIOBIO,CORONEL,CORONEL,ESCUELA BASICA PLAYAS NEGRAS,60M
DEL BIOBIO,CORONEL,CORONEL,ESCUELA RAFAEL SOTOMAYOR BAEZA,26M
DEL BIOBIO,CORONEL,CORONEL,ESCUELA RAFAEL SOTOMAYOR BAEZA,37M
DEL BIOBIO,CORONEL,CORONEL,LICEO COMERCIAL ANDRES BELLO LOPEZ,78V
DEL BIOBIO,CORONEL,LAGUNILLAS,AMERICAN JUNIOR COLLEGE,53
DEL BIOBIO,CORONEL,LAGUNILLAS,ESCUELA ARTURO HUGHES CERNA,2M
DEL BIOBIO,CORONEL,LAGUNILLAS,ESCUELA ARTURO HUGHES CERNA,10
DEL BIOBIO,CORONEL,LAGUNILLAS,INSTITUTO DE HUMANIDADES ANTONIO MORENO CASAMITJANA,39
DEL BIOBIO,CORONEL,LAGUNILLAS,LICEO BICENTENARIO DE CORONEL,13
DEL BIOBIO,CORONEL,LAGUNILLAS,LICEO BICENTENARIO DE CORONEL,19
DEL BIOBIO,CORONEL,LAGUNILLAS,LICEO BICENTENARIO DE CORONEL,26
DEL BIOBIO,HUALPEN,HUALPEN,COLEGIO DE LOS SAGRADOS CORAZONES,98M
DEL BIOBIO,HUALPEN,HUALPEN,ESCUELA REPUBLICA DEL PERU,68V
DEL BIOBIO,HUALPEN,HUALPEN,ESCUELA THOMAS JEFFERSON D 465,18V
DEL BIOBIO,HUALQUI,HUALQUI,ESCUELA BASICA LOS LIBERTADORES,17M
DEL BIOBIO,HUALQUI,HUALQUI,ESCUELA MANUEL AMAT Y JUNIET,10V
DEL BIOBIO,HUALQUI,HUALQUI,LICEO SAN JUAN BAUTISTA DE HUALQUI,23V
DEL BIOBIO,LOTA,LOTA,COLEGIO ANGEL DE PEREDO,31M
DEL BIOBIO,LOTA,LOTA,ESCUELA BASICA KONRAD ADENAUER,43M
DEL BIOBIO,LOTA,LOTA,ESCUELA BASICA SANTA MARIA DE GUADALUPE,1M
DEL BIOBIO,LOTA,LOTA,ESCUELA BASICA SANTA MARIA DE GUADALUPE,5M
DEL BIOBIO,LOTA,LOTA,ESCUELA BASICA SANTA MARIA DE GUADALUPE,12M
DEL BIOBIO,LOTA,LOTA,INSTITUTO HUMANIDADES SAN FRANCISCO DE ASIS,55V
DEL BIOBIO,LOTA,LOTA,LICEO BALDOMERO LILLO FIGUEROA,44V
DEL BIOBIO,LOTA,LOTA,LICEO CARLOS COUSIÑO GOYENECHEA,25V
DEL BIOBIO,LOTA,LOTA,LICEO CARLOS COUSIÑO GOYENECHEA,29V
DEL BIOBIO,PENCO,PENCO,COLEGIO EL REFUGIO,43V
DEL BIOBIO,PENCO,PENCO,ESCUELA REPUBLICA DE ITALIA,6V
DEL BIOBIO,PENCO,PENCO,LICEO PENCOPOLITANO,37M
DEL BIOBIO,SAN PEDRO DE LA PAZ,LOMAS COLORADAS,COLEGIO FRATERNIDAD,28
DEL BIOBIO,SAN PEDRO DE LA PAZ,SAN PEDRO DE LA PAZ,COLEGIO CONCEPCION LOS HUERTOS,151
DEL BIOBIO,SAN PEDRO DE LA PAZ,SAN PEDRO DE LA PAZ,COLEGIO CONCEPCION SAN PEDRO,118
DEL BIOBIO,SAN PEDRO DE LA PAZ,SAN PEDRO DE LA PAZ,ESCUELA ENRIQUE SORO BARRIGA,26M
DEL BIOBIO,SAN PEDRO DE LA PAZ,SAN PEDRO DE LA PAZ,LICEO MAURICIO HOCHSCHILD,58M
DEL BIOBIO,SANTA JUANA,SANTA JUANA,ESCUELA RECAREDO VIGUERAS ARANEDA,12M
DEL BIOBIO,SANTA JUANA,SANTA JUANA,ESCUELA RECAREDO VIGUERAS ARANEDA,16M
DEL BIOBIO,TALCAHUANO,TALCAHUANO,COLEGIO LOS CONDORES,117M
DEL BIOBIO,TALCAHUANO,TALCAHUANO,LICEO COMERCIAL PROFESOR SERGIO MORAGA ARCIL,25V
DEL BIOBIO,TALCAHUANO,TALCAHUANO,LICEO LA ASUNCION,93M
DEL BIOBIO,TALCAHUANO,TALCAHUANO,LICEO TECNICO,69V
DEL BIOBIO,TALCAHUANO,TALCAHUANO,LICEO TECNICO,76V
DEL BIOBIO,TOME,TOME,CENTRO EDUCACIONAL BICENTENARIO ALTOS DE TOME,10V
DEL BIOBIO,TOME,TOME,ESCUELA BASICA ARTURO PRAT,66V
DEL BIOBIO,TOME,TOME,LICEO INDUSTRIAL DE TOME,50V
DE LA ARAUCANIA,CARAHUE,CARAHUE,ESCUELA BASICA KIM RUKA PABELLON B,23M
DE LA ARAUCANIA,CARAHUE,TROVOLHUE,LICEO MUNICIPAL TROVOLHUE,4M
DE LA ARAUCANIA,CHOLCHOL,CHOLCHOL,LICEO JAMES MUNDELL,9V
DE LA ARAUCANIA,CURARREHUE,CURARREHUE,COMPLEJO EDUCACIONAL MONSEÑOR FRANCISCO VALDES SUBERCASEAUX,3M
DE LA ARAUCANIA,FREIRE,FREIRE,COLEGIO SANTA CRUZ DE FREIRE,16M
DE LA ARAUCANIA,FREIRE,FREIRE,COLEGIO SANTA CRUZ DE FREIRE,23M
DE LA ARAUCANIA,FREIRE,FREIRE,COMPLEJO EDUCACIONAL JUAN SCHLEYER,17V
DE LA ARAUCANIA,FREIRE,FREIRE,ESCUELA JUAN SEGUEL ANEXO,21V
DE LA ARAUCANIA,FREIRE,FREIRE,ESCUELA JUAN SEGUEL ANEXO,22V
DE LA ARAUCANIA,FREIRE,QUEPE,ESCUELA RAIMAPU,3M
DE LA ARAUCANIA,GALVARINO,GALVARINO,ESCUELA MUNICIPAL GABRIELA MISTRAL,7V
DE LA ARAUCANIA,GALVARINO,GALVARINO,ESCUELA MUNICIPAL RIO QUILLEM,7M
DE LA ARAUCANIA,GORBEA,GORBEA,ESCUELA BASICA CINCO,7M
DE LA ARAUCANIA,LAUTARO,LAUTARO,ESCUELA PARTICULAR CORAZON DE JESUS,31V
DE LA ARAUCANIA,MELIPEUCO,MELIPEUCO,ESCUELA BASICA VOLCAN LLAIMA,6V
DE LA ARAUCANIA,NUEVA IMPERIAL,NUEVA IMPERIAL,ESCUELA ESPECIAL AVANCEMOS JUNTOS,37M
DE LA ARAUCANIA,NUEVA IMPERIAL,NUEVA IMPERIAL,HOGAR MASCULINO LUIS GONZALEZ,30V
DE LA ARAUCANIA,NUEVA IMPERIAL,NUEVA IMPERIAL,LICEO BICENTENARIO LUIS GONZALEZ VASQUEZ,13V
DE LA ARAUCANIA,NUEVA IMPERIAL,NUEVA IMPERIAL,LICEO INDUSTRIAL DE NUEVA IMPERIAL,19M
DE LA ARAUCANIA,PADRE LAS CASAS,PADRE LAS CASAS,COMPLEJO EDUCACIONAL PADRE LAS CASAS,61
DE LA ARAUCANIA,PADRE LAS CASAS,PADRE LAS CASAS,ESCUELA BASICA SAN SEBASTIAN DE MAQUEHUE,48V
DE LA ARAUCANIA,PADRE LAS CASAS,PADRE LAS CASAS,POLIDEPORTIVO,97
DE LA ARAUCANIA,PERQUENCO,PERQUENCO,ESCUELA EDUARDO FREI MONTALVA,1M
DE LA ARAUCANIA,PERQUENCO,PERQUENCO,LICEO ISABEL POBLETE VARGAS,10V
DE LA ARAUCANIA,PITRUFQUEN,PITRUFQUEN,LICEO DE CIENCIAS Y HUMANIDADES,21V
DE LA ARAUCANIA,PUCON,PUCON,COMPLEJO EDUCACIONAL CARLOS HOLZAPFEL,3V
DE LA ARAUCANIA,PUCON,PUCON,ESCUELA EL CLARO,13M
DE LA ARAUCANIA,TEMUCO,CERRO ÑIELOL,COLEGIO BAUTISTA,162
DE LA ARAUCANIA,TEMUCO,CERRO ÑIELOL,COLEGIO SCOLE CREARE,103M
DE LA ARAUCANIA,TEMUCO,CERRO ÑIELOL,ESCUELA ARTISTICA ARMANDO DUFEY BLANC,171
DE LA ARAUCANIA,TEMUCO,CERRO ÑIELOL,ESCUELA LLAIMA,31M
DE LA ARAUCANIA,TEMUCO,CERRO ÑIELOL,ESCUELA MILLARAY,3M
DE LA ARAUCANIA,TEMUCO,CERRO ÑIELOL,ESCUELA MILLARAY,12M
DE LA ARAUCANIA,TEMUCO,CERRO ÑIELOL,ESCUELA MILLARAY,20M
DE LA ARAUCANIA,TEMUCO,CERRO ÑIELOL,LICEO BICENTENARIO DE TEMUCO,52M
DE LA ARAUCANIA,TEMUCO,CERRO ÑIELOL,LICEO PABLO NERUDA ,62V
DE LA ARAUCANIA,TEMUCO,TEMUCO CENTRO,COLEGIO PROVIDENCIA DEL SAGRADO CORAZON,30V-76V
DE LA ARAUCANIA,TEMUCO,TEMUCO CENTRO,COLEGIO PROVIDENCIA DEL SAGRADO CORAZON,39V
DE LA ARAUCANIA,TEMUCO,TEMUCO CENTRO,ESCUELA PARTICULAR FRANCIA,107M
DE LA ARAUCANIA,TEMUCO,TEMUCO CENTRO,INSTITUTO CLARET,75M-128M
DE LA ARAUCANIA,TEMUCO,TEMUCO CENTRO,INSTITUTO CLARET,76M
DE LA ARAUCANIA,TEMUCO,TEMUCO CENTRO,INSTITUTO CLARET,80M
DE LA ARAUCANIA,TEMUCO,TEMUCO CENTRO,INSTITUTO CLARET,87M
DE LA ARAUCANIA,TEMUCO,TEMUCO CENTRO,LICEO COMERCIAL TEMUCO BICENTENARIO DE EXCELENCIA  EX LOCAL COLEGIO SANTA CRUZ,67V
DE LA ARAUCANIA,TEMUCO,TEMUCO CENTRO,LICEO COMERCIAL TEMUCO BICENTENARIO DE EXCELENCIA  EX LOCAL COLEGIO SANTA CRUZ,77V-89V
DE LA ARAUCANIA,TEMUCO,TEMUCO SUR,COMPLEJO EDUCACIONAL UNION AMANECER,39
DE LA ARAUCANIA,TEODORO SCHMIDT,HUALPIN,ESCUELA HORIZONTES,8V
DE LA ARAUCANIA,VILLARRICA,LICAN-RAY,ESCUELA EPU KLEI,5V
DE LA ARAUCANIA,VILLARRICA,VILLARRICA,COLEGIO DE HUMANIDADES DE VILLARRICA,48M
DE LA ARAUCANIA,VILLARRICA,VILLARRICA,COLEGIO SANTA CRUZ DE VILLARRICA,63
DE LA ARAUCANIA,VILLARRICA,VILLARRICA,ESCUELA MARIANO LATORRE,45V
DE LA ARAUCANIA,VILLARRICA,VILLARRICA,ESCUELA PARTICULAR SAGRADA FAMILIA,3M
DE LA ARAUCANIA,VILLARRICA,VILLARRICA,ESCUELA PARTICULAR SAGRADA FAMILIA,5M
DE LA ARAUCANIA,VILLARRICA,VILLARRICA,ESCUELA PARTICULAR SAGRADA FAMILIA,7M
DE LA ARAUCANIA,VILLARRICA,VILLARRICA,ESCUELA VALENTIN LETELIER,30V
DE LA ARAUCANIA,VILLARRICA,VILLARRICA,LICEO BICENTENARIO ARTISTICO ALEXANDER GRAHAM BELL,13M
DE LA ARAUCANIA,VILLARRICA,VILLARRICA,LICEO BICENTENARIO ARTISTICO ALEXANDER GRAHAM BELL,29M
DE LA ARAUCANIA,ANGOL,ANGOL,ESCUELA DIEGO DUBLE URRUTIA,37V
DE LA ARAUCANIA,ANGOL,ANGOL,LICEO BICENTENARIO ENRIQUE BALLACEY COTTEREAU,12V
DE LA ARAUCANIA,CURACAUTIN,CURACAUTIN,LICEO LAS ARAUCARIAS BASICA,6M
DE LA ARAUCANIA,CURACAUTIN,MALALCAHUELLO,ESCUELA RAMON EDUARDO RAMIREZ HENRIQUEZ,2
DE LA ARAUCANIA,LOS SAUCES,LOS SAUCES,ESCUELA GUSTAVO VASQUEZ DIAZ,7M
DE LA ARAUCANIA,LUMACO,CAPITAN PASTENE,ESCUELA BASICA REPUBLICA DE ITALIA,5V
DE LA ARAUCANIA,LUMACO,CAPITAN PASTENE,ESCUELA BASICA REPUBLICA DE ITALIA,6V
DE LA ARAUCANIA,LUMACO,LUMACO,ESCUELA F-174 VALLE DE LUMACO,1M
DE LA ARAUCANIA,LUMACO,LUMACO,ESCUELA F-174 VALLE DE LUMACO,4M
DE LA ARAUCANIA,RENAICO,RENAICO,ESCUELA LA NOBEL GABRIELA,7M
DE LA ARAUCANIA,RENAICO,RENAICO,ESCUELA LA NOBEL GABRIELA,9M
DE LA ARAUCANIA,RENAICO,TIJERAL,ESCUELA BASICA LOS NOGALES,3
DE LA ARAUCANIA,TRAIGUEN,TRAIGUEN,COLEGIO BICENTENARIO LOUIS PASTEUR,22M
DE LA ARAUCANIA,TRAIGUEN,TRAIGUEN,ESCUELA REPUBLICA DE ISRAEL,13M
DE LA ARAUCANIA,VICTORIA,VICTORIA,LICEO JORGE ALESSANDRI RODRIGUEZ,4M
DE LA ARAUCANIA,VICTORIA,VICTORIA,LICEO JORGE ALESSANDRI RODRIGUEZ,9M
DE LA ARAUCANIA,VICTORIA,VICTORIA,LICEO JORGE ALESSANDRI RODRIGUEZ,18M
DE LOS RIOS,FUTRONO,FUTRONO,ESCUELA BASICA JOSE M. BALMACEDA F.,2V
DE LOS RIOS,LA UNION,LA UNION,ESC.DIFERENC.VILLA SAN JOSE DE LA UNION,31V
DE LOS RIOS,LA UNION,LA UNION,ESCUELA PRESIDENTE JORGE ALESSANDRI R.,40M
DE LOS RIOS,LA UNION,LA UNION,LICEO RECTOR ABDON ANDRADE COLOMA,5V
DE LOS RIOS,RIO BUENO,MANTILHUE,ESCUELA RURAL VALLE MANTILHUE BAJO,3V
DE LOS RIOS,RIO BUENO,RIO BUENO,ESCUELA BASICA RIO BUENO,35V
DE LOS RIOS,RIO BUENO,RIO BUENO,ESCUELA BASICA RIO BUENO,40V
DE LOS RIOS,LANCO,MALALHUE,LICEO   REPUBLICA DEL BRASIL,2M
DE LOS RIOS,LOS LAGOS,LOS LAGOS,LICEO ALBERTO BLEST GANA,12V
DE LOS RIOS,MARIQUINA,MARIQUINA,ESCUELA VALLE DE MARIQUINA,8V
DE LOS RIOS,PAILLACO,PAILLACO,ESCUELA PROYECTO DE FUTURO,18V
DE LOS RIOS,PAILLACO,PAILLACO,LICEO RODULFO AMANDO PHILIPPI,1M
DE LOS RIOS,PANGUIPULLI,PANGUIPULLI,ESCUELA MANUEL ANABALON SAEZ,38
DE LOS RIOS,VALDIVIA,VALDIVIA,COLEGIO DEPORTIVO MUNICIPAL DE VALDIVIA,207
DE LOS RIOS,VALDIVIA,VALDIVIA,EX - COLEGIO DE MUSICA JUAN SEBASTIAN BACH,83V
DE LOS RIOS,VALDIVIA,VALDIVIA,INST. SUPERIOR DE ADMINISTRACION Y TURISMO,190
DE LOS RIOS,VALDIVIA,VALDIVIA,INSTITUTO COMERCIAL DE VALDIVIA,65M
DE LOS RIOS,VALDIVIA,VALDIVIA,INSTITUTO ITALIA DE VALDIVIA LOCAL: 2,88V
DE LOS RIOS,VALDIVIA,VALDIVIA,LICEO BICENTENARIO CIUDAD DE LOS RIOS VALDIVI,13M
DE LOS RIOS,VALDIVIA,VALDIVIA,LICEO INDUSTRIAL VALDIVIA LOCAL: 2,44V
DE LOS RIOS,VALDIVIA,VALDIVIA,LICEO INDUSTRIAL VALDIVIA LOCAL: 2,46V
DE LOS RIOS,VALDIVIA,VALDIVIA,LICEO INDUSTRIAL VALDIVIA LOCAL: 3,159V
DE LOS RIOS,VALDIVIA,VALDIVIA,LICEO INDUSTRIAL VALDIVIA LOCAL: 3,162V
DE LOS LAGOS,ANCUD,ANCUD,ESCUELA ANEXA,6M
DE LOS LAGOS,ANCUD,ANCUD,ESCUELA ANEXA,11M
DE LOS LAGOS,ANCUD,ANCUD,ESCUELA ANEXA,12M
DE LOS LAGOS,ANCUD,ANCUD,LICEO AGRICOLA,24V
DE LOS LAGOS,ANCUD,ANCUD,LICEO AGRICOLA,26V
DE LOS LAGOS,ANCUD,PILLUCO,ESCUELA RURAL SOL DEL PACIFICO,6
DE LOS LAGOS,CASTRO,CASTRO,ESCUELA AYTUE,32M
DE LOS LAGOS,CASTRO,CASTRO,GIMNASIO MUNICIPAL,61
DE LOS LAGOS,CASTRO,CASTRO,LICEO FRANCISCO COLOANE,27V
DE LOS LAGOS,CASTRO,CASTRO,LICEO FRANCISCO COLOANE,28V
DE LOS LAGOS,CURACO DE VELEZ,CURACO DE VELEZ,LICEO ALFREDO BARRIA OYARZUN,2V
DE LOS LAGOS,DALCAHUE,DALCAHUE,ESCUELA BASICA DALCAHUE,11M
DE LOS LAGOS,DALCAHUE,DALCAHUE,LICEO POLIVALENTE DALCAHUE,5V
DE LOS LAGOS,DALCAHUE,DALCAHUE,LICEO POLIVALENTE DALCAHUE,8V
DE LOS LAGOS,PUQUELDON,PUQUELDON,ESCUELA PUQUELDON,6M
DE LOS LAGOS,QUELLON,QUELLON,ESCUELA BASICA SECTOR ORIENTE,35
DE LOS LAGOS,QUELLON,QUELLON,ESCUELA EDUCADORA EULOGIA BORQUEZ PEREZ,19V
DE LOS LAGOS,QUINCHAO,QUINCHAO (ACHAO),LICEO INSULAR ENSEÑANZA BASICA Y GIMNASIO,3M
DE LOS LAGOS,CALBUCO,CALBUCO,COLEGIO SAN MIGUEL,18M
DE LOS LAGOS,CALBUCO,ISLA PULUQUI,ESCUELA RURAL CHAUQUEAR,1V
DE LOS LAGOS,FRUTILLAR,FRUTILLAR,LICEO INDUSTRIAL CHILENO ALEMAN,24
DE LOS LAGOS,LLANQUIHUE,LLANQUIHUE,ESCUELA PARTICULAR LOS VOLCANES,19M
DE LOS LAGOS,LOS MUERMOS,CAÑITAS,ESCUELA RURAL CAÑITAS,2V-3V
DE LOS LAGOS,LOS MUERMOS,LOS MUERMOS,LICEO PUNTA DE RIELES,10M
DE LOS LAGOS,PUERTO MONTT,LAS QUEMAS,LICEO RURAL LAS QUEMAS,1V
DE LOS LAGOS,PUERTO MONTT,PUERTO MONTT CENTRO E ISLA TENGLO,COLEGIO DARIO SALAS,168
DE LOS LAGOS,PUERTO MONTT,PUERTO MONTT CENTRO E ISLA TENGLO,ESCUELA CAPITAN ARTURO PRAT CHACON,184
DE LOS LAGOS,PUERTO MONTT,PUERTO MONTT CENTRO E ISLA TENGLO,ESCUELA CAPITAN ARTURO PRAT CHACON,185
DE LOS LAGOS,PUERTO MONTT,PUERTO MONTT CENTRO E ISLA TENGLO,ESCUELA CAPITAN ARTURO PRAT CHACON,194
DE LOS LAGOS,PUERTO MONTT,PUERTO MONTT CENTRO E ISLA TENGLO,ESCUELA CAPITAN ARTURO PRAT CHACON,202
DE LOS LAGOS,PUERTO MONTT,PUERTO MONTT CENTRO E ISLA TENGLO,LICEO COMERCIAL MIRAMAR,26
DE LOS LAGOS,PUERTO MONTT,PUERTO MONTT CENTRO E ISLA TENGLO,LICEO COMERCIAL MIRAMAR,27
DE LOS LAGOS,PUERTO MONTT,PUERTO MONTT CENTRO E ISLA TENGLO,LICEO INDUSTRIAL ,12
DE LOS LAGOS,PUERTO MONTT,PUERTO MONTT CENTRO E ISLA TENGLO,LICEO INDUSTRIAL ,17
DE LOS LAGOS,PUERTO MONTT,PUERTO MONTT MIRASOL,ESCUELA MIRASOL,92
DE LOS LAGOS,PUERTO MONTT,PUERTO MONTT NORTE,ESCUELA BASICA LICARAYEN,80
DE LOS LAGOS,PUERTO MONTT,PUERTO MONTT NORTE,ESCUELA BASICA LICARAYEN,84
DE LOS LAGOS,PUERTO VARAS,PUERTO VARAS,COLEGIO GERMANIA DEL VERBO DIVINO,57
DE LOS LAGOS,PUERTO VARAS,PUERTO VARAS,COLEGIO MIRADOR DEL LAGO,38M
DE LOS LAGOS,OSORNO,OSORNO,ESCUELA  SUIZA,107M
DE LOS LAGOS,OSORNO,OSORNO,ESCUELA DE ARTES Y CULTURA OSORNO Y GIMNASIO,146M
DE LOS LAGOS,OSORNO,OSORNO,ESCUELA DE ARTES Y CULTURA OSORNO Y GIMNASIO,148M
DE LOS LAGOS,OSORNO,OSORNO,ESCUELA ESPECIAL `ANA AICHELE CARRASCO`,174
DE LOS LAGOS,OSORNO,OSORNO,ESCUELA MEXICO DE MICHOACAN,4V
DE LOS LAGOS,OSORNO,OSORNO,ESCUELA MEXICO DE MICHOACAN,14V
DE LOS LAGOS,OSORNO,OSORNO,ESCUELA MEXICO DE MICHOACAN,16V
DE LOS LAGOS,OSORNO,OSORNO,ESCUELA MONSEÑOR FRANCISCO VALDES SUBERCASEAUX,7M
DE LOS LAGOS,OSORNO,OSORNO,INSTITUTO POLITECNICO,29V
DE LOS LAGOS,OSORNO,OSORNO,LICEO ELEUTERIO RAMIREZ,77M
DE LOS LAGOS,OSORNO,OSORNO,LICEO INDUSTRIAL OSORNO,81V
DE LOS LAGOS,OSORNO,RAHUE,ESCUELA 88 CANADA,4M
DE LOS LAGOS,OSORNO,RAHUE,ESCUELA 88 CANADA,10M
DE LOS LAGOS,OSORNO,RAHUE,ESCUELA GARCIA HURTADO DE MENDOZA,20
DE LOS LAGOS,OSORNO,RAHUE SUR,LICEO RAHUE,2
DE LOS LAGOS,PURRANQUE,CORTE ALTO,ESCUELA BERTOLDO HOFMANN KAHLER,2
DE LOS LAGOS,PURRANQUE,PURRANQUE,LICEO TOMAS BURGOS,1M
DE LOS LAGOS,PUYEHUE,PUYEHUE (ENTRE LAGOS),ESCUELA ENTRE LAGOS,11V
DE LOS LAGOS,RIO NEGRO,RIACHUELO,COLEGIO RIACHUELO,2M
DE LOS LAGOS,RIO NEGRO,RIACHUELO,COLEGIO RIACHUELO,3V
DE LOS LAGOS,FUTALEUFU,FUTALEUFU,ESCUELA FUTALEUFU,3V
DE AYSEN DEL GENERAL CARLOS IBAÃ‘EZ DEL CAMPO,AYSEN,AISEN,POLIDEPORTIVO AYSEN,18M
DE AYSEN DEL GENERAL CARLOS IBAÃ‘EZ DEL CAMPO,COYHAIQUE,COYHAIQUE,ESCUELA PARTICULAR SAN JOSE OBRERO,28M
DE AYSEN DEL GENERAL CARLOS IBAÃ‘EZ DEL CAMPO,LAGO VERDE,LAGO VERDE,ESCUELA CON INTERNADO JOSE MIGUEL CARRERA,1V
DE AYSEN DEL GENERAL CARLOS IBAÃ‘EZ DEL CAMPO,CHILE CHICO,CHILE CHICO,ESCUELA BASICA DE CHILE CHICO,6M
DE AYSEN DEL GENERAL CARLOS IBAÃ‘EZ DEL CAMPO,CHILE CHICO,CHILE CHICO,ESCUELA BASICA DE CHILE CHICO,6V
DE AYSEN DEL GENERAL CARLOS IBAÃ‘EZ DEL CAMPO,CHILE CHICO,PUERTO GUADAL,ESCUELA LIBERTADOR BERNARDO O´HIGGINS RIQUELME,1V-3V
DE MAGALLANES Y DE LA ANTARTICA CHILENA,PUNTA ARENAS,PUNTA ARENAS,CENTRO ELIGE VIVIR SANO,221V
DE MAGALLANES Y DE LA ANTARTICA CHILENA,PUNTA ARENAS,PUNTA ARENAS,ESCUELA ARTURO PRAT CHACON,154V
DE MAGALLANES Y DE LA ANTARTICA CHILENA,PUNTA ARENAS,PUNTA ARENAS,ESCUELA ARTURO PRAT CHACON,157V
DE MAGALLANES Y DE LA ANTARTICA CHILENA,PUNTA ARENAS,PUNTA ARENAS,ESCUELA CROACIA,127M
DE MAGALLANES Y DE LA ANTARTICA CHILENA,PUNTA ARENAS,PUNTA ARENAS,ESCUELA CROACIA,131M
DE MAGALLANES Y DE LA ANTARTICA CHILENA,PUNTA ARENAS,PUNTA ARENAS,ESCUELA HERNANDO DE MAGALLANES,48V
DE MAGALLANES Y DE LA ANTARTICA CHILENA,PUNTA ARENAS,PUNTA ARENAS,ESCUELA PADRE ALBERTO HURTADO,192V
DE MAGALLANES Y DE LA ANTARTICA CHILENA,PUNTA ARENAS,PUNTA ARENAS,ESCUELA PADRE ALBERTO HURTADO,200V
DE MAGALLANES Y DE LA ANTARTICA CHILENA,PUNTA ARENAS,PUNTA ARENAS,ESCUELA PARTICULAR LA MILAGROSA,236V
DE MAGALLANES Y DE LA ANTARTICA CHILENA,PUNTA ARENAS,PUNTA ARENAS,ESCUELA PORTUGAL,58V
DE MAGALLANES Y DE LA ANTARTICA CHILENA,PUNTA ARENAS,PUNTA ARENAS,GIMNASIO FISCAL,163V
DE MAGALLANES Y DE LA ANTARTICA CHILENA,PUNTA ARENAS,PUNTA ARENAS,LICEO EXPERIMENTAL UMAG,22V
DE MAGALLANES Y DE LA ANTARTICA CHILENA,PUNTA ARENAS,PUNTA ARENAS,LICEO JUAN BAUTISTA CONTARDI,60M
DE MAGALLANES Y DE LA ANTARTICA CHILENA,PORVENIR,PORVENIR,COLEGIO MARIA AUXILIADORA,6V-8V
